/*
SQLyog Ultimate v8.32 
MySQL - 5.1.32-community : Database - medicine
*********************************************************************
*/

/*!40101 SET NAMES utf8 */;

/*!40101 SET SQL_MODE=''*/;

/*!40014 SET @OLD_UNIQUE_CHECKS=@@UNIQUE_CHECKS, UNIQUE_CHECKS=0 */;
/*!40014 SET @OLD_FOREIGN_KEY_CHECKS=@@FOREIGN_KEY_CHECKS, FOREIGN_KEY_CHECKS=0 */;
/*!40101 SET @OLD_SQL_MODE=@@SQL_MODE, SQL_MODE='NO_AUTO_VALUE_ON_ZERO' */;
/*!40111 SET @OLD_SQL_NOTES=@@SQL_NOTES, SQL_NOTES=0 */;
CREATE DATABASE /*!32312 IF NOT EXISTS*/`medicine` /*!40100 DEFAULT CHARACTER SET utf8 */;

USE `medicine`;

/*Table structure for table `erp_annex` */

DROP TABLE IF EXISTS `erp_annex`;

CREATE TABLE `erp_annex` (
  `ANNEX_ID` varchar(100) NOT NULL,
  `ANNEX_NUMBER` varchar(100) DEFAULT NULL,
  `ANNEX_NAME` varchar(200) DEFAULT NULL,
  `ANNEX_ADD` varchar(200) DEFAULT NULL,
  `ANNEX_PHONE` varchar(100) DEFAULT NULL,
  `ANNEX_PRICE` decimal(20,4) DEFAULT NULL,
  `ANNEX_BOSS` varchar(100) DEFAULT NULL,
  `ANNEX_TIME` varchar(40) DEFAULT NULL,
  `CREATER` varchar(100) DEFAULT NULL,
  `ISVA` int(11) DEFAULT NULL,
  `CREATETIME` varchar(40) DEFAULT NULL,
  `REMARK` varchar(400) DEFAULT NULL,
  PRIMARY KEY (`ANNEX_ID`)
) ENGINE=InnoDB DEFAULT CHARSET=utf8;

/*Data for the table `erp_annex` */

insert  into `erp_annex`(`ANNEX_ID`,`ANNEX_NUMBER`,`ANNEX_NAME`,`ANNEX_ADD`,`ANNEX_PHONE`,`ANNEX_PRICE`,`ANNEX_BOSS`,`ANNEX_TIME`,`CREATER`,`ISVA`,`CREATETIME`,`REMARK`) values ('2a503a5a-6a7e-4206-91e4-052f0c42f568','c905429a-f240-4a3b-a9ad-c688594c599c','康源医药湘潭分店','湖南省湘潭市','18578630282','80000.0000','王集','2017-11-21 14:50:25','50410892-ce1f-4605-a753-e223ac76e61f',1,'2017-11-21 14:50:25',NULL),('6eb8d4db-20d7-48b2-a2de-002992b51ade','4133d5f6-9dea-460e-a5b4-6eec0310b1d6','康源医药北京分店','北京市朝阳区','18813131167','281172.8000','谢光辉','2017-11-21 14:51:36','50410892-ce1f-4605-a753-e223ac76e61f',1,'2017-11-21 14:51:36',NULL),('d36cf6aa-f6ef-4e64-a12e-9dc2e91310f6','37f606ce-2bcc-4dab-aa8a-d6f854a07eee','康源医药长沙分店','湖南省长沙市雨花区','15579867823','82576.0000','刘凯','2017-11-21 14:49:22','50410892-ce1f-4605-a753-e223ac76e61f',1,'2017-11-21 14:49:22',NULL);

/*Table structure for table `erp_apply` */

DROP TABLE IF EXISTS `erp_apply`;

CREATE TABLE `erp_apply` (
  `APPLY_ID` varchar(200) NOT NULL COMMENT '供货商id',
  `APPLY_NUMBER` varchar(200) DEFAULT NULL COMMENT '供货商编号，公司名称拼音简称加上邮编',
  `APPLY_NAME` varchar(500) DEFAULT NULL COMMENT '供货商公司名称',
  `APPLY_BOSS` varchar(100) DEFAULT NULL COMMENT '供货商老板名称',
  `APPLY_ADR` varchar(200) DEFAULT NULL COMMENT '供货商地址',
  `APPLY_PHONE` varchar(100) DEFAULT NULL COMMENT '供货商电话',
  `APPLY_EMAIL` varchar(200) DEFAULT NULL COMMENT '供货商邮编地址',
  `APPLY_ISVO` decimal(2,0) DEFAULT NULL COMMENT '0表示不是合作伙伴，1表示是合作伙伴',
  `ISVA` int(11) DEFAULT NULL,
  PRIMARY KEY (`APPLY_ID`)
) ENGINE=InnoDB DEFAULT CHARSET=utf8;

/*Data for the table `erp_apply` */

insert  into `erp_apply`(`APPLY_ID`,`APPLY_NUMBER`,`APPLY_NAME`,`APPLY_BOSS`,`APPLY_ADR`,`APPLY_PHONE`,`APPLY_EMAIL`,`APPLY_ISVO`,`ISVA`) values ('1','GHS-2017-10-11-001','益民有限公司','刘晶','海明去','18229593947','123456','0',1);

/*Table structure for table `erp_applyasset` */

DROP TABLE IF EXISTS `erp_applyasset`;

CREATE TABLE `erp_applyasset` (
  `APPASS_ID` varchar(100) NOT NULL,
  `PURC_ID` varchar(100) DEFAULT NULL,
  `FINANCE_ID` varchar(100) DEFAULT NULL,
  `APPASS_SERIAL` varchar(100) DEFAULT NULL,
  `APPASS_APPLY` varchar(100) DEFAULT NULL,
  `APPASS_TYPE` varchar(10) DEFAULT NULL,
  `STATE` int(11) DEFAULT NULL,
  `APPASS_TIME` varchar(40) DEFAULT NULL,
  `APPASS_NUM` char(10) DEFAULT NULL,
  `ISVA` int(11) DEFAULT NULL,
  `REMARK` varchar(300) DEFAULT NULL,
  PRIMARY KEY (`APPASS_ID`)
) ENGINE=InnoDB DEFAULT CHARSET=utf8;

/*Data for the table `erp_applyasset` */

insert  into `erp_applyasset`(`APPASS_ID`,`PURC_ID`,`FINANCE_ID`,`APPASS_SERIAL`,`APPASS_APPLY`,`APPASS_TYPE`,`STATE`,`APPASS_TIME`,`APPASS_NUM`,`ISVA`,`REMARK`) values ('0d03c8ade16311e7aa3a101e67a91c8d','04574fa5e16311e7aa3a101e67a91c8d',NULL,'2017121514415855s2q9kzhc','杨永信','采购',2,'2017-12-15 14:41:58','219.0',1,NULL),('217d34e4e14111e7aa3a101e67a91c8d','12e34c9fe14111e7aa3a101e67a91c8d',NULL,'20171215103911zdim6nttcm','唐素芳','采购',2,'2017-12-15 10:39:11','3390.0',1,NULL),('25d67761dfef11e7ba7451330ca20948','fdd4a5a6dfee11e7ba7451330ca20948',NULL,'201712131819489dd27v38p5','杨永信','采购',2,'2017-12-13 18:19:48','100.0',1,NULL),('2a5827cde1fc11e7bd995d65e13a7fcf','1b86f3bce1fc11e7bd995d65e13a7fcf',NULL,'20171216085801q2d7m3u69h','唐素芳','采购',2,'2017-12-16 08:58:01','33900.0',1,NULL),('43af4845dffb11e7ba7451330ca20948','2bcb1eaadffb11e7ba7451330ca20948',NULL,'20171213194632q7mn6m0xin','杨永信','采购',2,'2017-12-13 19:46:32','2190.0',1,NULL),('451c248ddffb11e7ba7451330ca20948','222e3373dffb11e7ba7451330ca20948',NULL,'20171213194634rz7s83e9xj','杨永信','采购',2,'2017-12-13 19:46:34','1200.0',1,NULL),('4ee4061cdffd11e7ba7451330ca20948','4a665289dffd11e7ba7451330ca20948',NULL,'20171213200110k20nasg7ss','杨永信','采购',2,'2017-12-13 20:01:10','6780.0',1,NULL),('4eeb5179e09311e7ba7451330ca20948','25c8ba55e09311e7ba7451330ca20948',NULL,'20171214135500xgdvq9xt4x','杨永信','采购',2,'2017-12-14 13:55:00','5028.0',1,NULL),('659f0213e07011e7ba7451330ca20948','54561346e07011e7ba7451330ca20948',NULL,'201712140945050czc9wqp8e','杨永信','采购',2,'2017-12-14 09:45:05','25.0',1,NULL),('823b0215e07a11e7ba7451330ca20948','7e22c842e07a11e7ba7451330ca20948',NULL,'20171214105728c09hvjbui4','杨永信','采购',2,'2017-12-14 10:57:28','43800.0',1,NULL),('aec3fca8e16011e7aa3a101e67a91c8d','93015246e16011e7aa3a101e67a91c8d',NULL,'201712151425017dy58znad6','唐素芳','采购',2,'2017-12-15 14:25:01','33900.0',1,NULL),('bd012536e18311e7aa3a101e67a91c8d','b0e67f0de18311e7aa3a101e67a91c8d',NULL,'201712151835586is2gozwyy','唐素芳','采购',2,'2017-12-15 18:35:58','33900.0',1,NULL),('bece1466dff511e7ba7451330ca20948','b5d83018dff511e7ba7451330ca20948',NULL,'20171213190702nbbsusbr98','杨永信','采购',2,'2017-12-13 19:07:02','48.0',1,NULL),('c8dc9fd0e0c011e7917cab35057a5746','5a1a6fb3e0c011e7917cab35057a5746',NULL,'201712141920262dc4pyzmmf','唐素芳','采购',2,'2017-12-14 19:20:26','3390.0',1,NULL),('d56437d5dffc11e7ba7451330ca20948','ccee8df1dffc11e7ba7451330ca20948',NULL,'201712131957467tdv36xfs9','杨永信','采购',2,'2017-12-13 19:57:46','16950.0',1,NULL),('e4cfb351dff611e7ba7451330ca20948','de1173e5dff611e7ba7451330ca20948',NULL,'20171213191515ypkhjqwynw','杨永信','采购',2,'2017-12-13 19:15:15','758.0',1,NULL),('f5d042a4e06611e7ba7451330ca20948','a03171a1e00311e7ba7451330ca20948',NULL,'20171214083801rnwtc89em0','杨永信','采购',1,'2017-12-14','22.0',1,NULL);

/*Table structure for table `erp_asse_tdetail` */

DROP TABLE IF EXISTS `erp_asse_tdetail`;

CREATE TABLE `erp_asse_tdetail` (
  `ASSE_TDE_ID` varchar(100) NOT NULL,
  `KINORD_ID` varchar(100) DEFAULT NULL,
  `MEMBER_ID` varchar(100) DEFAULT NULL,
  `ASSE_PRICE` decimal(10,4) DEFAULT NULL,
  `CREATETIME` varchar(40) DEFAULT NULL,
  `CREATER` varchar(100) DEFAULT NULL,
  `ISVA` int(11) DEFAULT NULL,
  PRIMARY KEY (`ASSE_TDE_ID`)
) ENGINE=InnoDB DEFAULT CHARSET=utf8;

/*Data for the table `erp_asse_tdetail` */

/*Table structure for table `erp_audit` */

DROP TABLE IF EXISTS `erp_audit`;

CREATE TABLE `erp_audit` (
  `AUD_ID` varchar(100) NOT NULL,
  `BUSINESS_ID` varchar(100) DEFAULT NULL,
  `PURC_ID` varchar(100) DEFAULT NULL,
  `INDENT_ID` varchar(200) DEFAULT NULL,
  `PACT_ID` varchar(200) DEFAULT NULL,
  `BANK_ID` varchar(100) DEFAULT NULL,
  `AUD_SERIAL` varchar(100) DEFAULT NULL,
  `AUD_NAME` varchar(100) DEFAULT NULL,
  `AUD_TIME` varchar(40) DEFAULT NULL,
  `STATE` int(11) DEFAULT NULL,
  `FEEDBACK` varchar(200) DEFAULT NULL,
  `CREATETIME` varchar(40) DEFAULT NULL,
  `CREATER` varchar(100) DEFAULT NULL,
  `ISVA` int(11) DEFAULT NULL,
  PRIMARY KEY (`AUD_ID`)
) ENGINE=InnoDB DEFAULT CHARSET=utf8;

/*Data for the table `erp_audit` */

insert  into `erp_audit`(`AUD_ID`,`BUSINESS_ID`,`PURC_ID`,`INDENT_ID`,`PACT_ID`,`BANK_ID`,`AUD_SERIAL`,`AUD_NAME`,`AUD_TIME`,`STATE`,`FEEDBACK`,`CREATETIME`,`CREATER`,`ISVA`) values ('004f5f82e06711e7ba7451330ca20948','8ac52772e00311e7ba7451330ca20948',NULL,NULL,NULL,NULL,NULL,'管理员','2017-12-14 08:38:19',0,'暂无反馈信息',NULL,NULL,1),('01cfe6dfe18611e7aa3a101e67a91c8d','317437a1-f029-4484-9b7f-7f4995f5175a',NULL,NULL,NULL,NULL,'1d6e46a4-8c69-4609-8c2a-430fc519d39b','张凯','2017-12-15 18:52:12',2,NULL,'2017-12-15 18:52:12','b70ad3a9-d9eb-4a17-9c16-00a43e058c3a',1),('05ed370ae15f11e7aa3a101e67a91c8d','b7fceefde15e11e7aa3a101e67a91c8d',NULL,NULL,NULL,NULL,NULL,NULL,'2017-12-15 14:13:08',2,'暂无反馈信息',NULL,NULL,1),('091bf1a7e18311e7aa3a101e67a91c8d','f04e448ce18211e7aa3a101e67a91c8d',NULL,NULL,NULL,NULL,NULL,NULL,'2017-12-15 18:30:56',2,'暂无反馈信息',NULL,NULL,1),('0d0466d9e16311e7aa3a101e67a91c8d','04574fa5e16311e7aa3a101e67a91c8d',NULL,NULL,NULL,NULL,NULL,'管理员','2017-12-15 14:41:58',2,'暂无反馈信息',NULL,NULL,1),('1509b390e16311e7aa3a101e67a91c8d','04574fa5e16311e7aa3a101e67a91c8d',NULL,NULL,NULL,NULL,NULL,'管理员','2017-12-15 14:42:12',2,'暂无反馈信息',NULL,NULL,1),('1718af70e18611e7aa3a101e67a91c8d','317437a1-f029-4484-9b7f-7f4995f5175a',NULL,NULL,NULL,NULL,'0cc4cf8f-cd47-4c36-8d1e-70d6ef4e8c20','肖福','2017-12-15 18:52:48',2,NULL,'2017-12-15 18:52:48','338e6179-a848-42cf-9d5a-4b683612b665',1),('184166c9e09911e7ba7451330ca20948','3da5f8c4-bd0d-49b2-89b0-2a9f1391f6ba',NULL,NULL,NULL,NULL,'47459e7c-b6cb-43b2-b2b8-e90a87011aa0','杨永信','2017-12-14 14:36:25',0,'.。','2017-12-14 14:36:25','50410892-ce1f-4605-a753-e223ac76e61f',1),('1a77fac0e16311e7aa3a101e67a91c8d','04574fa5e16311e7aa3a101e67a91c8d',NULL,NULL,NULL,NULL,NULL,'管理员','2017-12-15 14:42:21',2,'暂无反馈信息',NULL,NULL,1),('21170d62dffd11e7ba7451330ca20948','08b51ce2-3c65-49b8-9f2d-237b1db0f1e1',NULL,NULL,NULL,NULL,NULL,'管理员','2017-12-13 19:59:53',2,'暂无反馈信息',NULL,NULL,1),('217dc0e0e14111e7aa3a101e67a91c8d','12e34c9fe14111e7aa3a101e67a91c8d',NULL,NULL,NULL,NULL,NULL,'总店采购经理','2017-12-15 10:39:11',2,'暂无反馈信息',NULL,NULL,1),('25d74804dfef11e7ba7451330ca20948','fdd4a5a6dfee11e7ba7451330ca20948',NULL,NULL,NULL,NULL,NULL,'管理员','2017-12-13 18:19:48',2,'暂无反馈信息',NULL,NULL,1),('267dd9fae07a11e7ba7451330ca20948','1da679ace07a11e7ba7451330ca20948',NULL,NULL,NULL,NULL,NULL,NULL,'2017-12-14 10:54:54',2,'暂无反馈信息',NULL,NULL,1),('279127f4e07111e7ba7451330ca20948','2f135ed6-d381-4fbf-99f8-9087c1d6520c',NULL,NULL,NULL,NULL,NULL,'管理员','2017-12-14 09:50:30',2,'阿萨德',NULL,NULL,1),('27ee229de0bf11e7917cab35057a5746','c2fb5406e0bd11e7917cab35057a5746',NULL,NULL,NULL,NULL,NULL,NULL,'2017-12-14 19:08:47',2,'暂无反馈信息',NULL,NULL,1),('2a59222be1fc11e7bd995d65e13a7fcf','1b86f3bce1fc11e7bd995d65e13a7fcf',NULL,NULL,NULL,NULL,NULL,'总店采购经理','2017-12-16 08:58:01',2,'暂无反馈信息',NULL,NULL,1),('2f4d8daae07211e7ba7451330ca20948','eb8e191ee07111e7ba7451330ca20948',NULL,NULL,NULL,NULL,NULL,'管理员','2017-12-14 09:58:22',0,'暂无反馈信息',NULL,NULL,1),('30090d81dffe11e7ba7451330ca20948','22a6fd44-1e10-471d-84be-6f5e7b4c44a3',NULL,NULL,NULL,NULL,NULL,'管理员','2017-12-13 20:07:28',2,'暂无反馈信息',NULL,NULL,1),('31ce9c84e07b11e7ba7451330ca20948','71360fd6-63da-4b79-a476-45d11811b402',NULL,NULL,NULL,NULL,NULL,'管理员','2017-12-14 11:02:23',2,'暂无反馈信息',NULL,NULL,1),('32c91777dfef11e7ba7451330ca20948','fdd4a5a6dfee11e7ba7451330ca20948',NULL,NULL,NULL,NULL,NULL,'管理员','2017-12-13 18:20:10',2,'暂无反馈信息',NULL,NULL,1),('33dbaad4e0c311e7917cab35057a5746','5430af8a-242d-44d0-adbe-bc7fa8c8c336',NULL,NULL,NULL,NULL,NULL,'总店仓库管理员','2017-12-14 19:37:45',2,'暂无反馈信息',NULL,NULL,1),('3cec7d49e16311e7aa3a101e67a91c8d','3bb67157-7998-4703-958d-502b46123d0a',NULL,NULL,NULL,NULL,NULL,'管理员','2017-12-15 14:43:19',2,'暂无反馈信息',NULL,NULL,1),('3d192402e09911e7ba7451330ca20948','3da5f8c4-bd0d-49b2-89b0-2a9f1391f6ba',NULL,NULL,NULL,NULL,'3a0fd9cb-ce81-4d2f-8b6a-dcd88446d380','杨永信','2017-12-14 14:37:27',2,NULL,'2017-12-14 14:37:27','50410892-ce1f-4605-a753-e223ac76e61f',1),('3e1acc70e09911e7ba7451330ca20948','3da5f8c4-bd0d-49b2-89b0-2a9f1391f6ba',NULL,NULL,NULL,NULL,'1b3336ae-6d89-49a2-99b6-ba70e8504464','杨永信','2017-12-14 14:37:29',2,NULL,'2017-12-14 14:37:29','50410892-ce1f-4605-a753-e223ac76e61f',1),('3f1778b5e09911e7ba7451330ca20948','3da5f8c4-bd0d-49b2-89b0-2a9f1391f6ba',NULL,NULL,NULL,NULL,'77757859-2e88-449a-a4a6-dd72a90c209c','杨永信','2017-12-14 14:37:30',2,NULL,'2017-12-14 14:37:30','50410892-ce1f-4605-a753-e223ac76e61f',1),('43afa642dffb11e7ba7451330ca20948','2bcb1eaadffb11e7ba7451330ca20948',NULL,NULL,NULL,NULL,NULL,'管理员','2017-12-13 19:46:32',2,'暂无反馈信息',NULL,NULL,1),('44b09a94e1fc11e7bd995d65e13a7fcf','1b86f3bce1fc11e7bd995d65e13a7fcf',NULL,NULL,NULL,NULL,NULL,'总店财务','2017-12-16 08:58:45',2,'暂无反馈信息',NULL,NULL,1),('451c48c7dffb11e7ba7451330ca20948','222e3373dffb11e7ba7451330ca20948',NULL,NULL,NULL,NULL,NULL,'管理员','2017-12-13 19:46:34',2,'暂无反馈信息',NULL,NULL,1),('48de6522dfef11e7ba7451330ca20948','fdd4a5a6dfee11e7ba7451330ca20948',NULL,NULL,NULL,NULL,NULL,'管理员','2017-12-13 18:20:47',2,'暂无反馈信息',NULL,NULL,1),('4be3eff5e18411e7aa3a101e67a91c8d','aacc4491-2301-4c9f-8548-3d5cf3c4c5d1',NULL,NULL,NULL,NULL,NULL,'总店仓库管理员','2017-12-15 18:39:57',2,'暂无反馈信息',NULL,NULL,1),('4e87c544e16711e7aa3a101e67a91c8d','190cdaad-50f8-480a-b58b-9e2760d4c3e4',NULL,NULL,NULL,NULL,'ec6fd02f-237f-4b04-af65-23287b094db0','刘偶','2017-12-15 15:12:26',2,NULL,'2017-12-15 15:12:26','07ee2fab-3e42-4dae-96b3-04706c5ef9e0',1),('4ee4367adffd11e7ba7451330ca20948','4a665289dffd11e7ba7451330ca20948',NULL,NULL,NULL,NULL,NULL,'管理员','2017-12-13 20:01:10',2,'暂无反馈信息',NULL,NULL,1),('4eec2991e09311e7ba7451330ca20948','25c8ba55e09311e7ba7451330ca20948',NULL,NULL,NULL,NULL,NULL,'管理员','2017-12-14 13:55:00',2,'tongguo',NULL,NULL,1),('4f301da5e14111e7aa3a101e67a91c8d','12e34c9fe14111e7aa3a101e67a91c8d',NULL,NULL,NULL,NULL,NULL,'总店财务','2017-12-15 10:40:27',2,'暂无反馈信息',NULL,NULL,1),('5066bb09e0c111e7917cab35057a5746','5a1a6fb3e0c011e7917cab35057a5746',NULL,NULL,NULL,NULL,NULL,'总店财务','2017-12-14 19:24:14',2,'123',NULL,NULL,1),('5113e31be1fc11e7bd995d65e13a7fcf','1b86f3bce1fc11e7bd995d65e13a7fcf',NULL,NULL,NULL,NULL,NULL,'总店经理','2017-12-16 08:59:06',2,'暂无反馈信息',NULL,NULL,1),('51649037e16111e7aa3a101e67a91c8d','dda99e88-0e57-4446-80ef-366605ce1ea6',NULL,NULL,NULL,NULL,NULL,'总店仓库管理员','2017-12-15 14:29:34',2,'暂无反馈信息',NULL,NULL,1),('53733b6cdffd11e7ba7451330ca20948','4a665289dffd11e7ba7451330ca20948',NULL,NULL,NULL,NULL,NULL,'管理员','2017-12-13 20:01:17',2,'暂无反馈信息',NULL,NULL,1),('5528121de09511e7ba7451330ca20948','3db931a2e09511e7ba7451330ca20948',NULL,NULL,NULL,NULL,NULL,NULL,'2017-12-14 14:09:29',2,'暂无反馈信息',NULL,NULL,1),('563a2eefdffd11e7ba7451330ca20948','4a665289dffd11e7ba7451330ca20948',NULL,NULL,NULL,NULL,NULL,'管理员','2017-12-13 20:01:22',2,'暂无反馈信息',NULL,NULL,1),('58403336dffb11e7ba7451330ca20948','222e3373dffb11e7ba7451330ca20948',NULL,NULL,NULL,NULL,NULL,'管理员','2017-12-13 19:47:07',2,'暂无反馈信息',NULL,NULL,1),('590d2da3e14111e7aa3a101e67a91c8d','12e34c9fe14111e7aa3a101e67a91c8d',NULL,NULL,NULL,NULL,NULL,'总店经理','2017-12-15 10:40:44',2,'暂无反馈信息',NULL,NULL,1),('59329849dffb11e7ba7451330ca20948','2bcb1eaadffb11e7ba7451330ca20948',NULL,NULL,NULL,NULL,NULL,'管理员','2017-12-13 19:47:08',2,'暂无反馈信息',NULL,NULL,1),('5b316b93dff811e7ba7451330ca20948','40cd9f99dff811e7ba7451330ca20948',NULL,NULL,NULL,NULL,NULL,NULL,'2017-12-13 19:25:43',2,'暂无反馈信息',NULL,NULL,1),('5c17ae02dffb11e7ba7451330ca20948','222e3373dffb11e7ba7451330ca20948',NULL,NULL,NULL,NULL,NULL,'管理员','2017-12-13 19:47:13',2,'暂无反馈信息',NULL,NULL,1),('5d01b0efdffb11e7ba7451330ca20948','2bcb1eaadffb11e7ba7451330ca20948',NULL,NULL,NULL,NULL,NULL,'管理员','2017-12-13 19:47:14',2,'暂无反馈信息',NULL,NULL,1),('624e1b69e18311e7aa3a101e67a91c8d','58a759f7e18311e7aa3a101e67a91c8d',NULL,NULL,NULL,NULL,NULL,NULL,'2017-12-15 18:33:26',2,'暂无反馈信息',NULL,NULL,1),('659f5a0de07011e7ba7451330ca20948','54561346e07011e7ba7451330ca20948',NULL,NULL,NULL,NULL,NULL,'管理员','2017-12-14 09:45:05',2,'暂无反馈信息',NULL,NULL,1),('6edef10fe16711e7aa3a101e67a91c8d','190cdaad-50f8-480a-b58b-9e2760d4c3e4',NULL,NULL,NULL,NULL,'906e3561-dfa7-4e9d-8dde-01b9a792036e','张凯','2017-12-15 15:13:21',2,NULL,'2017-12-15 15:13:21','b70ad3a9-d9eb-4a17-9c16-00a43e058c3a',1),('7670c1a7e08011e7ba7451330ca20948','f2297aea-ae8f-44c0-9460-6932170cefa4',NULL,NULL,NULL,NULL,'33848a2f-3ac5-43b1-9186-9b67fe54a605','杨永信','2017-12-14 11:40:05',2,NULL,'2017-12-14 11:40:05','50410892-ce1f-4605-a753-e223ac76e61f',1),('788c8041e07011e7ba7451330ca20948','54561346e07011e7ba7451330ca20948',NULL,NULL,NULL,NULL,NULL,'管理员','2017-12-14 09:45:37',2,'暂无反馈信息',NULL,NULL,1),('7aadd4d9e08011e7ba7451330ca20948','f2297aea-ae8f-44c0-9460-6932170cefa4',NULL,NULL,NULL,NULL,'128c4012-5220-472b-9994-4e616c5cfe27','杨永信','2017-12-14 11:40:12',2,NULL,'2017-12-14 11:40:12','50410892-ce1f-4605-a753-e223ac76e61f',1),('7b18fa79e0c411e7917cab35057a5746','96f0f159-53da-4cff-90b6-36575c77a975',NULL,NULL,NULL,NULL,NULL,'总店仓库管理员','2017-12-14 19:46:54',2,'暂无反馈信息',NULL,NULL,1),('7bf0f5a9dff111e7ba7451330ca20948','ad297958dfef11e7ba7451330ca20948',NULL,NULL,NULL,NULL,NULL,'管理员','2017-12-13 18:36:59',0,'暂无反馈信息',NULL,NULL,1),('7c8fda25e08011e7ba7451330ca20948','f2297aea-ae8f-44c0-9460-6932170cefa4',NULL,NULL,NULL,NULL,'fce8cafe-54e8-4d78-aca4-fb45607dd6f3','杨永信','2017-12-14 11:40:16',2,NULL,'2017-12-14 11:40:16','50410892-ce1f-4605-a753-e223ac76e61f',1),('7e5ac929e07011e7ba7451330ca20948','54561346e07011e7ba7451330ca20948',NULL,NULL,NULL,NULL,NULL,'管理员','2017-12-14 09:45:46',2,'暂无反馈信息',NULL,NULL,1),('8225c28fe07611e7ba7451330ca20948','7909d71be07611e7ba7451330ca20948',NULL,NULL,NULL,NULL,NULL,'管理员','2017-12-14 10:29:19',0,'暂无反馈信息',NULL,NULL,1),('823b505fe07a11e7ba7451330ca20948','7e22c842e07a11e7ba7451330ca20948',NULL,NULL,NULL,NULL,NULL,'管理员','2017-12-14 10:57:28',2,'暂无反馈信息',NULL,NULL,1),('82574b42e09611e7ba7451330ca20948','afc8e36c-30c4-483f-a929-db6892bc7a42',NULL,NULL,NULL,NULL,NULL,'管理员','2017-12-14 14:17:55',2,'暂无反馈信息',NULL,NULL,1),('8510a773dff211e7ba7451330ca20948','9cf22fd9dff111e7ba7451330ca20948',NULL,NULL,NULL,NULL,NULL,'管理员','2017-12-13 18:44:24',0,'暂无反馈信息',NULL,NULL,1),('85383686e00311e7ba7451330ca20948','811b138ee00311e7ba7451330ca20948',NULL,NULL,NULL,NULL,NULL,'管理员','2017-12-13 20:46:06',0,'暂无反馈信息',NULL,NULL,1),('8919ab17e07111e7ba7451330ca20948','83c08d00e07111e7ba7451330ca20948',NULL,NULL,NULL,NULL,NULL,'管理员','2017-12-14 09:53:43',0,'暂无反馈信息',NULL,NULL,1),('8ddee2c6e07a11e7ba7451330ca20948','7e22c842e07a11e7ba7451330ca20948',NULL,NULL,NULL,NULL,NULL,'管理员','2017-12-14 10:57:48',2,'暂无反馈信息',NULL,NULL,1),('8f7e5513e09411e7ba7451330ca20948','ac1b6f29-2b8c-47f7-8642-a6ed0f3eb2ab',NULL,NULL,NULL,NULL,NULL,'管理员','2017-12-14 14:03:58',2,'通过',NULL,NULL,1),('90b5f5fee14111e7aa3a101e67a91c8d','2085cbcf-ce97-4f7a-8ecc-9811e73b27c3',NULL,NULL,NULL,NULL,NULL,'总店仓库管理员','2017-12-15 10:42:17',2,'暂无反馈信息',NULL,NULL,1),('9394662fdff711e7ba7451330ca20948','b7d9473d-d151-43de-bc62-f2d9ced12d1b',NULL,NULL,NULL,NULL,NULL,'管理员','2017-12-13 19:20:08',2,'暂无反馈信息',NULL,NULL,1),('94275e64e07a11e7ba7451330ca20948','7e22c842e07a11e7ba7451330ca20948',NULL,NULL,NULL,NULL,NULL,'管理员','2017-12-14 10:57:58',2,'暂无反馈信息',NULL,NULL,1),('9b55af00e16311e7aa3a101e67a91c8d','28316561-84b6-4808-8dcd-40b312020d20',NULL,NULL,NULL,NULL,NULL,'总店仓库管理员','2017-12-15 14:45:57',2,'暂无反馈信息',NULL,NULL,1),('9c70c866e1fc11e7bd995d65e13a7fcf','a70774e8-aa1c-41d6-ad17-cc551d1ee9e1',NULL,NULL,NULL,NULL,NULL,'总店仓库管理员','2017-12-16 09:01:13',2,'暂无反馈信息',NULL,NULL,1),('9d6558e7e0c111e7917cab35057a5746','5a1a6fb3e0c011e7917cab35057a5746',NULL,NULL,NULL,NULL,NULL,'总店经理','2017-12-14 19:26:23',2,'暂无反馈信息',NULL,NULL,1),('a06e55f3dff911e7ba7451330ca20948','9cd4a7b4dff911e7ba7451330ca20948',NULL,NULL,NULL,NULL,NULL,'管理员','2017-12-13 19:35:17',0,'暂无反馈信息',NULL,NULL,1),('a089dddde07711e7ba7451330ca20948','8ac52772e00311e7ba7451330ca20948',NULL,NULL,NULL,NULL,NULL,'管理员','2017-12-14 10:37:20',0,'暂无反馈信息',NULL,NULL,1),('a33c8edae00311e7ba7451330ca20948','a03171a1e00311e7ba7451330ca20948',NULL,NULL,NULL,NULL,NULL,'管理员','2017-12-13 20:46:57',0,'暂无反馈信息',NULL,NULL,1),('a48c9aabe06e11e7ba7451330ca20948','956fa98ae06711e7ba7451330ca20948',NULL,NULL,NULL,NULL,NULL,'管理员','2017-12-14 09:33:01',0,'暂无反馈信息',NULL,NULL,1),('a5cd5c06e06e11e7ba7451330ca20948','d2e6675be06711e7ba7451330ca20948',NULL,NULL,NULL,NULL,NULL,'管理员','2017-12-14 09:33:03',0,'暂无反馈信息',NULL,NULL,1),('a6744177e06611e7ba7451330ca20948','a03171a1e00311e7ba7451330ca20948',NULL,NULL,NULL,NULL,NULL,'管理员','2017-12-14 08:35:48',0,'123',NULL,NULL,1),('a9de70fce07711e7ba7451330ca20948','88633dd0e07611e7ba7451330ca20948',NULL,NULL,NULL,NULL,NULL,'管理员','2017-12-14 10:37:35',0,'暂无反馈信息',NULL,NULL,1),('abba9e30e1fd11e7bd995d65e13a7fcf','5995c393-372d-40cf-957c-a698365c6650',NULL,NULL,NULL,NULL,'34a6cfee-a695-4de6-b0f8-02e35f7eead9','刘偶','2017-12-16 09:08:48',2,NULL,'2017-12-16 09:08:48','07ee2fab-3e42-4dae-96b3-04706c5ef9e0',1),('aec457dfe16011e7aa3a101e67a91c8d','93015246e16011e7aa3a101e67a91c8d',NULL,NULL,NULL,NULL,NULL,'总店采购经理','2017-12-15 14:25:01',2,'暂无反馈信息',NULL,NULL,1),('b375f828dffd11e7ba7451330ca20948','ae95acbadffd11e7ba7451330ca20948',NULL,NULL,NULL,NULL,NULL,'管理员','2017-12-13 20:04:27',0,'暂无反馈信息',NULL,NULL,1),('b4b74306e16711e7aa3a101e67a91c8d','190cdaad-50f8-480a-b58b-9e2760d4c3e4',NULL,NULL,NULL,NULL,'7a577e5b-e4de-495e-83e2-a11c2a6fbd41','肖福','2017-12-15 15:15:18',2,NULL,'2017-12-15 15:15:18','338e6179-a848-42cf-9d5a-4b683612b665',1),('b70eae67e1fd11e7bd995d65e13a7fcf','5995c393-372d-40cf-957c-a698365c6650',NULL,NULL,NULL,NULL,'29901de9-2431-4fa1-88fa-a5e94322135c','张凯','2017-12-16 09:09:07',2,NULL,'2017-12-16 09:09:07','b70ad3a9-d9eb-4a17-9c16-00a43e058c3a',1),('b9281d5be14011e7aa3a101e67a91c8d','a50e74ece14011e7aa3a101e67a91c8d',NULL,NULL,NULL,NULL,NULL,NULL,'2017-12-15 10:36:15',2,'暂无反馈信息',NULL,NULL,1),('bb020709dffb11e7ba7451330ca20948','e9d2502d-3c08-433d-be87-04f82a9785dd',NULL,NULL,NULL,NULL,NULL,'管理员','2017-12-13 19:49:52',2,'暂无反馈信息',NULL,NULL,1),('bc289facdffb11e7ba7451330ca20948','40e88ffe-ea8b-45ca-acdc-2bc599f8167f',NULL,NULL,NULL,NULL,NULL,'管理员','2017-12-13 19:49:54',2,'暂无反馈信息',NULL,NULL,1),('bd020857e18311e7aa3a101e67a91c8d','b0e67f0de18311e7aa3a101e67a91c8d',NULL,NULL,NULL,NULL,NULL,'总店采购经理','2017-12-15 18:35:58',2,'暂无反馈信息',NULL,NULL,1),('bece4374dff511e7ba7451330ca20948','b5d83018dff511e7ba7451330ca20948',NULL,NULL,NULL,NULL,NULL,'管理员','2017-12-13 19:07:02',2,'暂无反馈信息',NULL,NULL,1),('c0bc7232e00311e7ba7451330ca20948','ba8250a6e00311e7ba7451330ca20948',NULL,NULL,NULL,NULL,NULL,'管理员','2017-12-13 20:47:46',0,'暂无反馈信息',NULL,NULL,1),('c1128844e14211e7aa3a101e67a91c8d','91dad8c0-58cf-481b-a3fb-2a5f6b9c0ff2',NULL,NULL,NULL,NULL,NULL,'总店仓库管理员','2017-12-15 10:50:48',2,'暂无反馈信息',NULL,NULL,1),('c20c18c3e07711e7ba7451330ca20948','aeb14667e07711e7ba7451330ca20948',NULL,NULL,NULL,NULL,NULL,NULL,'2017-12-14 10:37:47',2,'暂无反馈信息',NULL,NULL,1),('c3eea2cee1fd11e7bd995d65e13a7fcf','5995c393-372d-40cf-957c-a698365c6650',NULL,NULL,NULL,NULL,'5a24c5bb-0cd7-4245-9584-5dcf2a18b641','肖福','2017-12-16 09:09:28',2,NULL,'2017-12-16 09:09:28','338e6179-a848-42cf-9d5a-4b683612b665',1),('c8dd37dbe0c011e7917cab35057a5746','5a1a6fb3e0c011e7917cab35057a5746',NULL,NULL,NULL,NULL,NULL,'总店采购经理','2017-12-14 19:20:26',2,'12',NULL,NULL,1),('c95f4885dff511e7ba7451330ca20948','b5d83018dff511e7ba7451330ca20948',NULL,NULL,NULL,NULL,NULL,'管理员','2017-12-13 19:07:19',2,'暂无反馈信息',NULL,NULL,1),('cbf9e79ae07a11e7ba7451330ca20948','3f8ae3b3-ff1e-453c-9918-726a9543018b',NULL,NULL,NULL,NULL,NULL,'管理员','2017-12-14 10:59:32',2,'暂无反馈信息',NULL,NULL,1),('cdcefc21dff511e7ba7451330ca20948','b5d83018dff511e7ba7451330ca20948',NULL,NULL,NULL,NULL,NULL,'管理员','2017-12-13 19:07:27',2,'暂无反馈信息',NULL,NULL,1),('d299c0e3e07611e7ba7451330ca20948','88633dd0e07611e7ba7451330ca20948',NULL,NULL,NULL,NULL,NULL,'管理员','2017-12-14 10:31:34',0,'暂无反馈信息',NULL,NULL,1),('d4dd40dee09311e7ba7451330ca20948','25c8ba55e09311e7ba7451330ca20948',NULL,NULL,NULL,NULL,NULL,'管理员','2017-12-14 13:58:45',2,'暂无反馈信息',NULL,NULL,1),('d564d17adffc11e7ba7451330ca20948','ccee8df1dffc11e7ba7451330ca20948',NULL,NULL,NULL,NULL,NULL,'管理员','2017-12-13 19:57:46',2,'暂无反馈信息',NULL,NULL,1),('dbdec56edffc11e7ba7451330ca20948','ccee8df1dffc11e7ba7451330ca20948',NULL,NULL,NULL,NULL,NULL,'管理员','2017-12-13 19:57:57',2,'暂无反馈信息',NULL,NULL,1),('dde1cdb6dffc11e7ba7451330ca20948','ccee8df1dffc11e7ba7451330ca20948',NULL,NULL,NULL,NULL,NULL,'管理员','2017-12-13 19:58:00',2,'暂无反馈信息',NULL,NULL,1),('de323ecbe09311e7ba7451330ca20948','25c8ba55e09311e7ba7451330ca20948',NULL,NULL,NULL,NULL,NULL,'管理员','2017-12-14 13:59:00',2,'暂无反馈信息',NULL,NULL,1),('e077b863e16011e7aa3a101e67a91c8d','93015246e16011e7aa3a101e67a91c8d',NULL,NULL,NULL,NULL,NULL,'总店财务','2017-12-15 14:26:25',2,'暂无反馈信息',NULL,NULL,1),('e1fb6ee0e1fb11e7bd995d65e13a7fcf','c3c87426e1fb11e7bd995d65e13a7fcf',NULL,NULL,NULL,NULL,NULL,NULL,'2017-12-16 08:56:00',2,'暂无反馈信息',NULL,NULL,1),('e4d014fbdff611e7ba7451330ca20948','de1173e5dff611e7ba7451330ca20948',NULL,NULL,NULL,NULL,NULL,'管理员','2017-12-13 19:15:15',2,'暂无反馈信息',NULL,NULL,1),('e7a2c89fe18311e7aa3a101e67a91c8d','b0e67f0de18311e7aa3a101e67a91c8d',NULL,NULL,NULL,NULL,NULL,'总店财务','2017-12-15 18:37:09',2,'暂无反馈信息',NULL,NULL,1),('ea573a9cdff611e7ba7451330ca20948','de1173e5dff611e7ba7451330ca20948',NULL,NULL,NULL,NULL,NULL,'管理员','2017-12-13 19:15:24',2,'暂无反馈信息',NULL,NULL,1),('eafb15bce18411e7aa3a101e67a91c8d','c3ecd98c-10ab-41a8-b55d-bc3620d08aa7',NULL,NULL,NULL,NULL,NULL,'总店仓库管理员','2017-12-15 18:44:24',2,'暂无反馈信息',NULL,NULL,1),('ee765fb2dff611e7ba7451330ca20948','de1173e5dff611e7ba7451330ca20948',NULL,NULL,NULL,NULL,NULL,'管理员','2017-12-13 19:15:31',2,'暂无反馈信息',NULL,NULL,1),('ef1259bbe18511e7aa3a101e67a91c8d','317437a1-f029-4484-9b7f-7f4995f5175a',NULL,NULL,NULL,NULL,'73586d7c-56d9-4a7e-ae2d-0fab28c18cc6','刘偶','2017-12-15 18:51:41',2,NULL,'2017-12-15 18:51:41','07ee2fab-3e42-4dae-96b3-04706c5ef9e0',1),('ef65b26ae16011e7aa3a101e67a91c8d','93015246e16011e7aa3a101e67a91c8d',NULL,NULL,NULL,NULL,NULL,'总店经理','2017-12-15 14:26:50',2,'暂无反馈信息',NULL,NULL,1),('f4101faee18311e7aa3a101e67a91c8d','b0e67f0de18311e7aa3a101e67a91c8d',NULL,NULL,NULL,NULL,NULL,'总店经理','2017-12-15 18:37:30',2,'暂无反馈信息',NULL,NULL,1),('f5d1ac4de06611e7ba7451330ca20948','a03171a1e00311e7ba7451330ca20948',NULL,NULL,NULL,NULL,NULL,'管理员','2017-12-14 08:38:01',2,'暂无反馈信息',NULL,NULL,1),('f8b2a67fe09811e7ba7451330ca20948','3da5f8c4-bd0d-49b2-89b0-2a9f1391f6ba',NULL,NULL,NULL,NULL,'30f27f34-6f65-4b69-a208-32819683b1d1','杨永信','2017-12-14 14:35:32',2,NULL,'2017-12-14 14:35:32','50410892-ce1f-4605-a753-e223ac76e61f',1),('f9b06e4ae1fc11e7bd995d65e13a7fcf','adaef812-6228-48c9-a566-05e23c22991e',NULL,NULL,NULL,NULL,NULL,'总店仓库管理员','2017-12-16 09:03:49',2,'暂无反馈信息',NULL,NULL,1),('fe2e852ae09811e7ba7451330ca20948','3da5f8c4-bd0d-49b2-89b0-2a9f1391f6ba',NULL,NULL,NULL,NULL,'7114a2c0-264b-4473-9731-65abea75cad2','杨永信','2017-12-14 14:35:42',2,NULL,'2017-12-14 14:35:42','50410892-ce1f-4605-a753-e223ac76e61f',1),('ff5b7df4e07711e7ba7451330ca20948','4d3e0198-5b11-45e9-8802-95121ac2fa6f',NULL,NULL,NULL,NULL,NULL,'管理员','2017-12-14 10:39:29',2,'暂无反馈信息',NULL,NULL,1);

/*Table structure for table `erp_bank` */

DROP TABLE IF EXISTS `erp_bank`;

CREATE TABLE `erp_bank` (
  `BANK_ID` varchar(100) NOT NULL,
  `BANK_NUMBER` varchar(100) DEFAULT NULL,
  `BANK_TIME` varchar(20) DEFAULT NULL,
  `BANK_COUNT` int(11) DEFAULT NULL,
  `BANK_STAFFID` varchar(100) DEFAULT NULL,
  `ISVA` int(11) DEFAULT NULL,
  `CREATETIME` varchar(40) DEFAULT NULL,
  `CREATER` varchar(100) DEFAULT NULL,
  `REAARK` varchar(300) DEFAULT NULL,
  `BANK_ISVA` int(11) DEFAULT NULL,
  PRIMARY KEY (`BANK_ID`)
) ENGINE=InnoDB DEFAULT CHARSET=utf8;

/*Data for the table `erp_bank` */

insert  into `erp_bank`(`BANK_ID`,`BANK_NUMBER`,`BANK_TIME`,`BANK_COUNT`,`BANK_STAFFID`,`ISVA`,`CREATETIME`,`CREATER`,`REAARK`,`BANK_ISVA`) values ('08b51ce2-3c65-49b8-9f2d-237b1db0f1e1','RK2017-12-13004',NULL,1000,'杨永信',1,'2017-12-13 19:59:38','50410892-ce1f-4605-a753-e223ac76e61f',NULL,2),('1','RK-2017-07-21-001','2017-3-4 3:4:5',1234,'大晶儿',1,NULL,'50410892-ce1f-4605-a753-e223ac76e61f',NULL,2),('2085cbcf-ce97-4f7a-8ecc-9811e73b27c3','RK2017-12-14002','2017-12-15 10:44:16',5,'717b1f7f-b270-4d88-85e4-8a5f214c5a4d',1,'2017-12-14 09:56:58','50410892-ce1f-4605-a753-e223ac76e61f',NULL,4),('22a6fd44-1e10-471d-84be-6f5e7b4c44a3','RK2017-12-13005','2017-12-14 09:51:13',5,'50410892-ce1f-4605-a753-e223ac76e61f',1,'2017-12-13 20:06:39','50410892-ce1f-4605-a753-e223ac76e61f',NULL,4),('28316561-84b6-4808-8dcd-40b312020d20','RK2017-12-15004','2017-12-15 14:46:02',20,'717b1f7f-b270-4d88-85e4-8a5f214c5a4d',1,'2017-12-15 14:45:31','c831dc49-1b25-4e94-b306-d3f224285efd',NULL,4),('2f135ed6-d381-4fbf-99f8-9087c1d6520c','RK2017-12-14-001','2017-12-14 09:50:45',2,'50410892-ce1f-4605-a753-e223ac76e61f',1,'2017-12-14 09:50:00','50410892-ce1f-4605-a753-e223ac76e61f',NULL,4),('3bb67157-7998-4703-958d-502b46123d0a','RK2017-12-15003','2017-12-15 14:43:21',10,'50410892-ce1f-4605-a753-e223ac76e61f',1,'2017-12-15 14:43:06','50410892-ce1f-4605-a753-e223ac76e61f',NULL,4),('3f8ae3b3-ff1e-453c-9918-726a9543018b','RK2017-12-14004','2017-12-14 10:59:35',2000,'50410892-ce1f-4605-a753-e223ac76e61f',1,'2017-12-14 10:59:19','50410892-ce1f-4605-a753-e223ac76e61f',NULL,4),('40e88ffe-ea8b-45ca-acdc-2bc599f8167f','RK2017-12-13002','2017-12-13 19:50:04',99,'50410892-ce1f-4605-a753-e223ac76e61f',1,'2017-12-13 19:49:16','50410892-ce1f-4605-a753-e223ac76e61f',NULL,4),('4c2a4b85-ef4b-42d2-ae0f-f5667b37d7af','ZJ2017-12-05-001','2017-12-08 14:00:22',12,'50410892-ce1f-4605-a753-e223ac76e61f',1,'2017-12-05 13:37:39','50410892-ce1f-4605-a753-e223ac76e61f',NULL,4),('4d3e0198-5b11-45e9-8802-95121ac2fa6f','RK2017-12-14003','2017-12-14 10:39:33',10,'50410892-ce1f-4605-a753-e223ac76e61f',1,'2017-12-14 10:39:24','50410892-ce1f-4605-a753-e223ac76e61f',NULL,4),('5430af8a-242d-44d0-adbe-bc7fa8c8c336','RK2017-12-14008','2017-12-14 19:38:58',199,'717b1f7f-b270-4d88-85e4-8a5f214c5a4d',1,'2017-12-14 19:33:58','c831dc49-1b25-4e94-b306-d3f224285efd',NULL,4),('71360fd6-63da-4b79-a476-45d11811b402','RK2017-12-14005','2017-12-14 11:02:25',1000,'50410892-ce1f-4605-a753-e223ac76e61f',1,'2017-12-14 11:02:02','50410892-ce1f-4605-a753-e223ac76e61f',NULL,4),('75ec7d61-8ff9-4f73-96b7-f227ea2e152e','RK-2017-12-08-001','2017-12-08 14:36:37',12,'50410892-ce1f-4605-a753-e223ac76e61f',1,'2017-12-08 14:35:36','50410892-ce1f-4605-a753-e223ac76e61f',NULL,4),('893a0ff1-b295-47bc-8c48-bbf55aa80663','RK2017-12-11-001','2017-12-11 18:03:41',4,'50410892-ce1f-4605-a753-e223ac76e61f',1,'2017-12-11 16:26:35','50410892-ce1f-4605-a753-e223ac76e61f',NULL,4),('91dad8c0-58cf-481b-a3fb-2a5f6b9c0ff2','RK2017-12-15-001','2017-12-15 10:50:52',20,'717b1f7f-b270-4d88-85e4-8a5f214c5a4d',1,'2017-12-15 10:50:08','c831dc49-1b25-4e94-b306-d3f224285efd',NULL,4),('96f0f159-53da-4cff-90b6-36575c77a975','RK2017-12-14009','2017-12-14 19:47:05',200,'717b1f7f-b270-4d88-85e4-8a5f214c5a4d',1,'2017-12-14 19:44:37','c831dc49-1b25-4e94-b306-d3f224285efd',NULL,4),('a70774e8-aa1c-41d6-ad17-cc551d1ee9e1','RK2017-12-16-001','2017-12-16 09:01:20',1990,'717b1f7f-b270-4d88-85e4-8a5f214c5a4d',1,'2017-12-16 09:00:50','c831dc49-1b25-4e94-b306-d3f224285efd',NULL,4),('aacc4491-2301-4c9f-8548-3d5cf3c4c5d1','RK2017-12-15005','2017-12-15 18:40:06',1999,'717b1f7f-b270-4d88-85e4-8a5f214c5a4d',1,'2017-12-15 18:39:22','c831dc49-1b25-4e94-b306-d3f224285efd',NULL,4),('ac1b6f29-2b8c-47f7-8642-a6ed0f3eb2ab','RK2017-12-14006','2017-12-14 14:04:16',318,'50410892-ce1f-4605-a753-e223ac76e61f',1,'2017-12-14 14:01:28','50410892-ce1f-4605-a753-e223ac76e61f',NULL,4),('adaef812-6228-48c9-a566-05e23c22991e','RK2017-12-16002','2017-12-16 09:03:55',200,'717b1f7f-b270-4d88-85e4-8a5f214c5a4d',1,'2017-12-16 09:03:29','c831dc49-1b25-4e94-b306-d3f224285efd',NULL,4),('afc8e36c-30c4-483f-a929-db6892bc7a42','RK2017-12-14007','2017-12-14 14:18:11',199,'50410892-ce1f-4605-a753-e223ac76e61f',1,'2017-12-14 14:17:37','50410892-ce1f-4605-a753-e223ac76e61f',NULL,4),('b7d9473d-d151-43de-bc62-f2d9ced12d1b','RK2017-12-13-001','2017-12-13 19:20:17',51,'50410892-ce1f-4605-a753-e223ac76e61f',1,'2017-12-13 19:19:41','50410892-ce1f-4605-a753-e223ac76e61f',NULL,4),('c3ecd98c-10ab-41a8-b55d-bc3620d08aa7','RK2017-12-15006','2017-12-15 18:44:31',100,'717b1f7f-b270-4d88-85e4-8a5f214c5a4d',1,'2017-12-15 18:44:06','c831dc49-1b25-4e94-b306-d3f224285efd',NULL,4),('dda99e88-0e57-4446-80ef-366605ce1ea6','RK2017-12-15002','2017-12-15 14:37:16',1998,'717b1f7f-b270-4d88-85e4-8a5f214c5a4d',1,'2017-12-15 14:29:05','c831dc49-1b25-4e94-b306-d3f224285efd',NULL,4),('e9d2502d-3c08-433d-be87-04f82a9785dd','RK2017-12-13003','2017-12-13 19:49:59',99,'50410892-ce1f-4605-a753-e223ac76e61f',1,'2017-12-13 19:49:39','50410892-ce1f-4605-a753-e223ac76e61f',NULL,4);

/*Table structure for table `erp_burden` */

DROP TABLE IF EXISTS `erp_burden`;

CREATE TABLE `erp_burden` (
  `BUR_ID` varchar(100) NOT NULL,
  `RAW_ID` varchar(100) DEFAULT NULL,
  `KIN_ID` varchar(100) DEFAULT NULL,
  `BUR_SERIAL` varchar(100) DEFAULT NULL,
  `BUR_UNIT` varchar(7) DEFAULT NULL,
  `BUR_G` decimal(8,4) DEFAULT NULL,
  `CREATETIME` varchar(40) DEFAULT NULL,
  `CREATER` varchar(100) DEFAULT NULL,
  `ISVA` int(11) DEFAULT NULL,
  PRIMARY KEY (`BUR_ID`)
) ENGINE=InnoDB DEFAULT CHARSET=utf8;

/*Data for the table `erp_burden` */

insert  into `erp_burden`(`BUR_ID`,`RAW_ID`,`KIN_ID`,`BUR_SERIAL`,`BUR_UNIT`,`BUR_G`,`CREATETIME`,`CREATER`,`ISVA`) values ('19f56333-dff9-11e7-ba74-51330ca20948','7efe60ab-83be-4e89-a3da-6132431475bf','7c2d4fa5-ca69-11e7-9e68-94e3b7ea6e68','PF2017-12-13-001','g','8.0000','2017-12-13 19:31:03',NULL,1),('7c5d44d7-e18b-11e7-aa3a-101e67a91c8d','cd0a117a-a067-4b79-a0c7-d494b3cd4e6c','6edd9117-e18b-11e7-aa3a-101e67a91c8d','PF-2017-12-15-001','g','20.0000','2017-12-15 19:31:25',NULL,1),('b6620108-e071-11e7-ba74-51330ca20948','cd0a117a-a067-4b79-a0c7-d494b3cd4e6c','9bb17104-ca69-11e7-9e68-94e3b7ea6e68','PF-2017-12-14-001','g','2.0000','2017-12-14 09:54:30',NULL,1),('b9e466f2-e071-11e7-ba74-51330ca20948','cd0a117a-a067-4b79-a0c7-d494b3cd4e6c','9bb17104-ca69-11e7-9e68-94e3b7ea6e68','PF-2017-12-14-002','g','4.0000','2017-12-14 09:54:36',NULL,1),('ea08fef9-dffa-11e7-ba74-51330ca20948','5cae76b4-7e6e-4144-9641-8b5ccf61dd1a','7c2d4fa5-ca69-11e7-9e68-94e3b7ea6e68','PF2017-12-13002','g','2.0000','2017-12-13 19:44:02',NULL,1),('ee56a554-dffa-11e7-ba74-51330ca20948','cd0a117a-a067-4b79-a0c7-d494b3cd4e6c','7c2d4fa5-ca69-11e7-9e68-94e3b7ea6e68','PF2017-12-13003','ml','12.0000','2017-12-13 19:44:09',NULL,1),('f04e1f22-e079-11e7-ba74-51330ca20948','cd0a117a-a067-4b79-a0c7-d494b3cd4e6c','e16ff99a-e079-11e7-ba74-51330ca20948','PF-2017-12-14-003','g','8.0000','2017-12-14 10:53:23',NULL,1);

/*Table structure for table `erp_depa` */

DROP TABLE IF EXISTS `erp_depa`;

CREATE TABLE `erp_depa` (
  `DEPA_ID` varchar(100) NOT NULL,
  `DEPA_NAME` varchar(20) DEFAULT NULL,
  `DEPA_SERIAL` varchar(20) DEFAULT NULL,
  `DEPA_PHONE` varchar(20) DEFAULT NULL,
  `DEPA_REMARK` varchar(300) DEFAULT NULL,
  `ISVA` varchar(2) DEFAULT '1',
  `CREATETIME` varchar(40) DEFAULT NULL,
  `CREATER` varchar(100) DEFAULT NULL,
  PRIMARY KEY (`DEPA_ID`)
) ENGINE=InnoDB DEFAULT CHARSET=utf8 COMMENT='部门表';

/*Data for the table `erp_depa` */

insert  into `erp_depa`(`DEPA_ID`,`DEPA_NAME`,`DEPA_SERIAL`,`DEPA_PHONE`,`DEPA_REMARK`,`ISVA`,`CREATETIME`,`CREATER`) values ('0fcfa9dac5de11e7b69ed5038bb0d30f','管理部','1111','17608451861','123213','1','2017-11-10 14:11:59',NULL),('1','管理部',NULL,NULL,NULL,'0',NULL,NULL),('ac5280f6ca9c11e7b8694bd85b3d21ee','是的法规和','第三方韩国','12345678910','是大富大贵','1','2017-11-16 15:07:11',NULL),('bab1b4b8ca9c11e7b8694bd85b3d21ee','1234567','12345','12345678912','1234567','1','2017-11-16 15:07:35',NULL),('dc7610caca9c11e7b8694bd85b3d21ee','123456','as梵蒂冈','12341234123','1324345','1','2017-11-16 15:08:31',NULL);

/*Table structure for table `erp_drug_result` */

DROP TABLE IF EXISTS `erp_drug_result`;

CREATE TABLE `erp_drug_result` (
  `DRUG_RES_ID` varchar(100) NOT NULL,
  `RES_ID` varchar(100) DEFAULT NULL,
  `RAW_ID` varchar(100) DEFAULT NULL,
  `KIN_ID` varchar(100) DEFAULT NULL,
  PRIMARY KEY (`DRUG_RES_ID`)
) ENGINE=InnoDB DEFAULT CHARSET=utf8 COMMENT='药品药效表';

/*Data for the table `erp_drug_result` */

insert  into `erp_drug_result`(`DRUG_RES_ID`,`RES_ID`,`RAW_ID`,`KIN_ID`) values ('088a7e2a-ca6a-11e7-9e68-94e3b7ea6e68','2','7efe60ab-83be-4e89-a3da-6132431475bf',NULL),('088bcc46-ca6a-11e7-9e68-94e3b7ea6e68','3','7efe60ab-83be-4e89-a3da-6132431475bf',NULL),('4a46a87e-dff9-11e7-ba74-51330ca20948','2',NULL,'7c2d4fa5-ca69-11e7-9e68-94e3b7ea6e68'),('7516c441-e18b-11e7-aa3a-101e67a91c8d','f9eaa418-bd4c-11e7-a1db-ed8cf62dfc6a',NULL,'6edd9117-e18b-11e7-aa3a-101e67a91c8d'),('a4bf8064-ca69-11e7-9e68-94e3b7ea6e68','2',NULL,'9bb17104-ca69-11e7-9e68-94e3b7ea6e68'),('a4c0a746-ca69-11e7-9e68-94e3b7ea6e68','3',NULL,'9bb17104-ca69-11e7-9e68-94e3b7ea6e68'),('a4c22d36-ca69-11e7-9e68-94e3b7ea6e68','f9eaa418-bd4c-11e7-a1db-ed8cf62dfc6a',NULL,'9bb17104-ca69-11e7-9e68-94e3b7ea6e68'),('de268d02-dffa-11e7-ba74-51330ca20948','2','5cae76b4-7e6e-4144-9641-8b5ccf61dd1a',NULL),('de26bd8d-dffa-11e7-ba74-51330ca20948','3','5cae76b4-7e6e-4144-9641-8b5ccf61dd1a',NULL),('e4b38b12-dffa-11e7-ba74-51330ca20948','2','cd0a117a-a067-4b79-a0c7-d494b3cd4e6c',NULL),('e4b3c783-dffa-11e7-ba74-51330ca20948','3','cd0a117a-a067-4b79-a0c7-d494b3cd4e6c',NULL),('ea3190fa-e079-11e7-ba74-51330ca20948','f9eaa418-bd4c-11e7-a1db-ed8cf62dfc6a',NULL,'e16ff99a-e079-11e7-ba74-51330ca20948');

/*Table structure for table `erp_expend` */

DROP TABLE IF EXISTS `erp_expend`;

CREATE TABLE `erp_expend` (
  `EXPEND_ID` varchar(100) NOT NULL,
  `FINANCE_ID` varchar(100) DEFAULT NULL,
  `APPASS_ID` varchar(100) DEFAULT NULL,
  `EXPEND_SERIAL` varchar(100) DEFAULT NULL,
  `CREATETIME` varchar(40) DEFAULT NULL,
  `CREATER` varchar(100) DEFAULT NULL,
  `REMARK` varchar(300) DEFAULT NULL,
  `ISVA` int(11) DEFAULT NULL,
  PRIMARY KEY (`EXPEND_ID`)
) ENGINE=InnoDB DEFAULT CHARSET=utf8;

/*Data for the table `erp_expend` */

/*Table structure for table `erp_fdproform` */

DROP TABLE IF EXISTS `erp_fdproform`;

CREATE TABLE `erp_fdproform` (
  `FDPRO_ID` varchar(100) NOT NULL,
  `FDPRO_SERIAL` varchar(100) DEFAULT NULL,
  `ANNEX_ID` varchar(100) DEFAULT NULL,
  `sta_id` varchar(100) DEFAULT NULL,
  `FDPRO_WARECOUNT` int(11) DEFAULT NULL,
  `FDPRO_SUMPRICE` decimal(10,2) DEFAULT NULL,
  `FDPRO_TIME` varchar(100) DEFAULT NULL,
  `FDPRO_ISVA` int(11) DEFAULT NULL,
  `ISVA` int(11) DEFAULT NULL,
  `CREATETIME` varchar(40) DEFAULT NULL,
  `CREATER` varchar(100) DEFAULT NULL,
  `REMARK` varchar(1000) DEFAULT NULL,
  PRIMARY KEY (`FDPRO_ID`)
) ENGINE=InnoDB DEFAULT CHARSET=utf8;

/*Data for the table `erp_fdproform` */

insert  into `erp_fdproform`(`FDPRO_ID`,`FDPRO_SERIAL`,`ANNEX_ID`,`sta_id`,`FDPRO_WARECOUNT`,`FDPRO_SUMPRICE`,`FDPRO_TIME`,`FDPRO_ISVA`,`ISVA`,`CREATETIME`,`CREATER`,`REMARK`) values ('1f4a6328-0d4b-4dd6-a5d9-c0ba9e43630b',NULL,NULL,NULL,0,'0.00',NULL,4,1,NULL,NULL,NULL),('31f8cefe-f728-4265-b41c-5d8be8162bd8',NULL,NULL,NULL,0,'0.00',NULL,4,1,NULL,NULL,NULL),('3939aeec-b9dc-4a60-aeb8-2c862b8e7d76','2017-12-14 10:13:2821','d36cf6aa-f6ef-4e64-a12e-9dc2e91310f6','50410892-ce1f-4605-a753-e223ac76e61f',100,'1000.00','2017-12-14 10:13:28',1,1,NULL,NULL,NULL),('64912f6e-fd0f-428c-a78f-0eb985bbb791',NULL,NULL,NULL,0,'0.00',NULL,4,1,NULL,NULL,NULL),('705555de-9b24-4684-a5d2-d8eb2dfaa7ab',NULL,NULL,NULL,0,'0.00',NULL,4,1,NULL,NULL,NULL),('7a2c057b-a781-4af7-b992-94a3587c9228',NULL,NULL,NULL,0,'0.00',NULL,4,1,NULL,NULL,NULL),('7fd40f25-35ee-4059-91df-a8abf4380e81','2017-12-14 10:09:5853','d36cf6aa-f6ef-4e64-a12e-9dc2e91310f6','50410892-ce1f-4605-a753-e223ac76e61f',2,'20.00','2017-12-14 10:09:58',1,1,NULL,NULL,NULL),('9b7144a2-1782-4c4e-9249-5e8379692294',NULL,NULL,NULL,0,'0.00',NULL,4,1,NULL,NULL,NULL),('b55f9818-f287-4af4-adc7-e972e38ac5ef',NULL,NULL,NULL,0,'0.00',NULL,4,1,NULL,NULL,NULL),('b5b69afb-9bd9-407e-8513-4a134bf33cf4',NULL,NULL,NULL,0,'0.00',NULL,4,1,NULL,NULL,NULL),('ca92e5ea-0f09-45ff-b5dc-41a4fbab38db','2017-12-1476','d36cf6aa-f6ef-4e64-a12e-9dc2e91310f6','50410892-ce1f-4605-a753-e223ac76e61f',20,'200.00','2017-12-14 10:40:33',1,1,NULL,NULL,NULL),('d5995599-6098-47f0-89b0-193d1a77dfb4','2017-12-1458','d36cf6aa-f6ef-4e64-a12e-9dc2e91310f6','50410892-ce1f-4605-a753-e223ac76e61f',70,'700.00','2017-12-14',1,1,NULL,NULL,NULL),('d779805d-cfc1-495c-aaa6-64cb48c0d008',NULL,NULL,NULL,0,'0.00',NULL,4,1,NULL,NULL,NULL);

/*Table structure for table `erp_finance` */

DROP TABLE IF EXISTS `erp_finance`;

CREATE TABLE `erp_finance` (
  `FINANCE_ID` varchar(100) NOT NULL,
  `FINANCE_SERIAL` varchar(100) DEFAULT NULL,
  `FINANCE_NUM` decimal(10,2) DEFAULT NULL,
  `CREATAE` varchar(100) DEFAULT NULL,
  `CREATETIME` varchar(40) DEFAULT NULL,
  `ISVA` int(11) DEFAULT NULL,
  `REMARK` varchar(300) DEFAULT NULL,
  PRIMARY KEY (`FINANCE_ID`)
) ENGINE=InnoDB DEFAULT CHARSET=utf8 COMMENT='财务表';

/*Data for the table `erp_finance` */

insert  into `erp_finance`(`FINANCE_ID`,`FINANCE_SERIAL`,`FINANCE_NUM`,`CREATAE`,`CREATETIME`,`ISVA`,`REMARK`) values ('c7783f61-cf52-11e7-8aad-9450d22f72ad','20171122150010kadjqx2ops','1964316.00',NULL,'2017-11-22 15:00:10',1,NULL);

/*Table structure for table `erp_img` */

DROP TABLE IF EXISTS `erp_img`;

CREATE TABLE `erp_img` (
  `IMG_ID` varchar(100) NOT NULL,
  `RAW_ID` varchar(100) DEFAULT NULL,
  `KIN_ID` varchar(100) DEFAULT NULL,
  `IMG_SERIAL` varchar(100) DEFAULT NULL,
  `IMG_URL` varchar(100) DEFAULT NULL,
  `ISVA` int(11) DEFAULT NULL,
  PRIMARY KEY (`IMG_ID`)
) ENGINE=InnoDB DEFAULT CHARSET=utf8 COMMENT='商品图片表';

/*Data for the table `erp_img` */

insert  into `erp_img`(`IMG_ID`,`RAW_ID`,`KIN_ID`,`IMG_SERIAL`,`IMG_URL`,`ISVA`) values ('027e61e5-c5ba-11e7-a157-ea014453d32a','1',NULL,NULL,'/upload/e44b65c6-8666-4e25-88ee-b671bbdbe29a.png',NULL),('0815aa5b-c5ba-11e7-a157-ea014453d32a','1',NULL,NULL,'/upload/d69a8e6c-4401-4591-b682-af6431b1b564.png',NULL),('0fb6b2ef-c5b8-11e7-a157-ea014453d32a','1',NULL,NULL,'/upload/45c4b9ba-9aaa-4e78-8dcd-8a5540b7a81d.png',NULL),('17fa9511-c5b3-11e7-a157-ea014453d32a','adf1aa1a-0734-4601-8a47-87c65b73500a',NULL,NULL,'/upload/6c0b0a08-3061-4b76-8fa0-2ef31c720692.png',NULL),('1a73e484-c5ba-11e7-a157-ea014453d32a','1',NULL,NULL,'/upload/94d67ecc-b4da-48e9-ad2f-780c06cca1ba.png',NULL),('244e7e3f-c5ba-11e7-a157-ea014453d32a','1',NULL,NULL,'/upload/d0635ae9-366b-49ed-abc9-1d0649ab6d9b.png',NULL),('2770e8a8-c5b9-11e7-a157-ea014453d32a','1',NULL,NULL,'/upload/edc9f963-c183-4fe9-b096-9549753c0cef.png',NULL),('3d488558-c5b7-11e7-a157-ea014453d32a','1',NULL,NULL,'/upload/79d33ebb-a4f4-4335-a49d-11502fb07928.png',NULL),('43322751-c5bd-11e7-a157-ea014453d32a','1',NULL,NULL,'/upload/2055081f-b3f7-4d8c-b3d9-5e0201128aba.png',NULL),('4a451d7e-c5be-11e7-a157-ea014453d32a','adf1aa1a-0734-4601-8a47-87c65b73500a',NULL,NULL,'/upload/b3d637d6-2984-4517-b6e6-eb0cfcc2ad92.png',NULL),('4a804047-c5be-11e7-a157-ea014453d32a','adf1aa1a-0734-4601-8a47-87c65b73500a',NULL,NULL,'/upload/b04ca96e-88f2-4328-8e95-99616df61adf.png',NULL),('5227c71d-c5b9-11e7-a157-ea014453d32a',NULL,'4e6be40f-c4e9-11e7-acdf-ce5b5dc1b02e',NULL,'/upload/fd280d55-92d7-4691-a7f9-3819a046addc.png',NULL),('534b4df4-c5b6-11e7-a157-ea014453d32a','adf1aa1a-0734-4601-8a47-87c65b73500a',NULL,NULL,'/upload/f572c983-93f5-42ee-8ec6-ec17c79092b7.png',NULL),('560362c9-c5be-11e7-a157-ea014453d32a','adf1aa1a-0734-4601-8a47-87c65b73500a',NULL,NULL,'/upload/f5ba038c-c2d2-4bd8-914b-5e7a5d6e40a8.png',NULL),('6d165975-c5b2-11e7-a157-ea014453d32a','adf1aa1a-0734-4601-8a47-87c65b73500a',NULL,NULL,'/upload/c181f84c-f5fd-4130-a0cf-b3cdc7880c19.png',NULL),('7182995d-c5b6-11e7-a157-ea014453d32a','adf1aa1a-0734-4601-8a47-87c65b73500a',NULL,NULL,'/upload/3a524bbf-dfc7-40ae-a516-599334046cd5.png',NULL),('740d1648-c5b6-11e7-a157-ea014453d32a','adf1aa1a-0734-4601-8a47-87c65b73500a',NULL,NULL,'/upload/cd71a7c2-539f-42c6-ae33-144476cf3226.png',NULL),('7419413b-c5b6-11e7-a157-ea014453d32a','adf1aa1a-0734-4601-8a47-87c65b73500a',NULL,NULL,'/upload/9cb18f96-381f-4aa4-acca-870b16d7cbe5.png',NULL),('7ed932b2-c5bb-11e7-a157-ea014453d32a','1',NULL,NULL,'/upload/14b27ad6-9322-413f-ba9d-adc5dc98c6b1.png',NULL),('a72402e9-c5b9-11e7-a157-ea014453d32a','1',NULL,NULL,'/upload/116c914d-b547-4e04-a1a3-4b65b38adc0c.png',NULL),('abe14139-c5b9-11e7-a157-ea014453d32a','1',NULL,NULL,'/upload/2043872a-ba68-4e56-9ab6-bf2a88cfcdef.png',NULL),('abfb7152-c5b9-11e7-a157-ea014453d32a','1',NULL,NULL,'/upload/b3316770-2bd2-4896-aca7-5d438b3e9963.png',NULL),('b17eea5b-c5b6-11e7-a157-ea014453d32a','adf1aa1a-0734-4601-8a47-87c65b73500a',NULL,NULL,'/upload/4ca46285-8908-4925-904f-e0a85957812a.png',NULL),('baacfd12-d5aa-11e7-8ba9-9451d641c30d','7efe60ab-83be-4e89-a3da-6132431475bf',NULL,NULL,'/upload/888b841e-a019-4129-8b47-863159a11036.png',NULL),('be9a0f20-c5b9-11e7-a157-ea014453d32a','1',NULL,NULL,'/upload/ddf2a7c6-c664-4909-b645-d50a358042f8.png',NULL),('d1613cc0-c5b7-11e7-a157-ea014453d32a','adf1aa1a-0734-4601-8a47-87c65b73500a',NULL,NULL,'/upload/6bff75c7-ad61-4b85-afb7-62d3deeaf629.png',NULL),('d4f2302a-c5b6-11e7-a157-ea014453d32a','adf1aa1a-0734-4601-8a47-87c65b73500a',NULL,NULL,'/upload/1a9955d5-133c-4023-a727-0c569bc8820a.png',NULL),('e0c76a6f-c5b9-11e7-a157-ea014453d32a','1',NULL,NULL,'/upload/48b53fbd-f3df-40b0-861d-7cecf6f813fa.png',NULL),('ea27addb-c5b9-11e7-a157-ea014453d32a','1',NULL,NULL,'/upload/b6a37608-1cb3-4f4d-a697-ee12901ec26b.png',NULL),('ea3f6417-c5b9-11e7-a157-ea014453d32a','1',NULL,NULL,'/upload/c5765d82-47bd-4bf7-82ed-5b3fb35e2662.png',NULL);

/*Table structure for table `erp_income` */

DROP TABLE IF EXISTS `erp_income`;

CREATE TABLE `erp_income` (
  `INCOME_ID` varchar(100) NOT NULL,
  `INCOME_SERIAL` varchar(100) DEFAULT NULL,
  `FINANCE_ID` varchar(100) DEFAULT NULL,
  `PAY_ID` varchar(100) DEFAULT NULL,
  `CREATETIME` varchar(40) DEFAULT NULL,
  `CREATER` varchar(100) DEFAULT NULL,
  `REMARK` varchar(300) DEFAULT NULL,
  `ISVA` int(11) DEFAULT NULL,
  PRIMARY KEY (`INCOME_ID`)
) ENGINE=InnoDB DEFAULT CHARSET=utf8;

/*Data for the table `erp_income` */

/*Table structure for table `erp_invedet` */

DROP TABLE IF EXISTS `erp_invedet`;

CREATE TABLE `erp_invedet` (
  `INVEDET_ID` varchar(100) NOT NULL,
  `BANK_ID` varchar(100) DEFAULT NULL,
  `WARE_ID` varchar(100) DEFAULT NULL,
  `OB_ID` varchar(100) DEFAULT NULL,
  `KIN_ID` varchar(100) DEFAULT NULL,
  `RAW_ID` varchar(100) DEFAULT NULL,
  `INVEDET_NUM` int(11) DEFAULT NULL,
  `CREATER` varchar(100) DEFAULT NULL,
  `CREATETIME` varchar(40) DEFAULT NULL,
  `REMARK` varchar(300) DEFAULT NULL,
  `ISVA` int(11) DEFAULT NULL,
  PRIMARY KEY (`INVEDET_ID`)
) ENGINE=InnoDB DEFAULT CHARSET=utf8;

/*Data for the table `erp_invedet` */

insert  into `erp_invedet`(`INVEDET_ID`,`BANK_ID`,`WARE_ID`,`OB_ID`,`KIN_ID`,`RAW_ID`,`INVEDET_NUM`,`CREATER`,`CREATETIME`,`REMARK`,`ISVA`) values ('222f7981-e1fd-11e7-bd99-5d65e13a7fcf',NULL,'6e25b812-74c2-4b47-a592-62aa2794a7a3','cd2b877c-1454-4486-9166-53df8dc72bde','7c2d4fa5-ca69-11e7-9e68-94e3b7ea6e68',NULL,10,'338e6179-a848-42cf-9d5a-4b683612b665','2017-12-16 09:04:57',NULL,NULL),('222fa91a-e1fd-11e7-bd99-5d65e13a7fcf',NULL,'519b3cf3-16fd-42b1-9d6a-82a7d74a3f07','cd2b877c-1454-4486-9166-53df8dc72bde','e16ff99a-e079-11e7-ba74-51330ca20948',NULL,10,'338e6179-a848-42cf-9d5a-4b683612b665','2017-12-16 09:04:57',NULL,NULL),('28d3ecec-e185-11e7-aa3a-101e67a91c8d',NULL,'519b3cf3-16fd-42b1-9d6a-82a7d74a3f07','758cb0f2-49e0-4eaa-8f00-7f0a5fd3dc2c','e16ff99a-e079-11e7-ba74-51330ca20948',NULL,10,'338e6179-a848-42cf-9d5a-4b683612b665','2017-12-15 18:46:08',NULL,NULL),('35869601-e163-11e7-aa3a-101e67a91c8d','3bb67157-7998-4703-958d-502b46123d0a','655678a5-a28d-42a9-96bc-0a03b45fbcf4',NULL,NULL,'cd0a117a-a067-4b79-a0c7-d494b3cd4e6c',10,'50410892-ce1f-4605-a753-e223ac76e61f','2017-12-15 14:43:21',NULL,NULL),('370c15b7-e184-11e7-aa3a-101e67a91c8d','aacc4491-2301-4c9f-8548-3d5cf3c4c5d1','655678a5-a28d-42a9-96bc-0a03b45fbcf4',NULL,NULL,'cd0a117a-a067-4b79-a0c7-d494b3cd4e6c',999,'c831dc49-1b25-4e94-b306-d3f224285efd','2017-12-15 18:40:06',NULL,NULL),('370c9696-e184-11e7-aa3a-101e67a91c8d','aacc4491-2301-4c9f-8548-3d5cf3c4c5d1','4100d004-7330-43e8-946f-b55816a1b8f4',NULL,NULL,'5cae76b4-7e6e-4144-9641-8b5ccf61dd1a',1000,'c831dc49-1b25-4e94-b306-d3f224285efd','2017-12-15 18:40:06',NULL,NULL),('3ff68e64-e161-11e7-aa3a-101e67a91c8d','dda99e88-0e57-4446-80ef-366605ce1ea6','4100d004-7330-43e8-946f-b55816a1b8f4',NULL,NULL,'5cae76b4-7e6e-4144-9641-8b5ccf61dd1a',999,'c831dc49-1b25-4e94-b306-d3f224285efd','2017-12-15 14:37:16',NULL,NULL),('3ff7104e-e161-11e7-aa3a-101e67a91c8d','dda99e88-0e57-4446-80ef-366605ce1ea6','655678a5-a28d-42a9-96bc-0a03b45fbcf4',NULL,NULL,'cd0a117a-a067-4b79-a0c7-d494b3cd4e6c',999,'c831dc49-1b25-4e94-b306-d3f224285efd','2017-12-15 14:37:16',NULL,NULL),('7f01eb78-e164-11e7-aa3a-101e67a91c8d',NULL,'6e25b812-74c2-4b47-a592-62aa2794a7a3','00e1d308-e506-44fd-b849-2046172a6a63','7c2d4fa5-ca69-11e7-9e68-94e3b7ea6e68',NULL,10,'338e6179-a848-42cf-9d5a-4b683612b665','2017-12-15 14:52:19',NULL,NULL),('8be1917f-e163-11e7-aa3a-101e67a91c8d','28316561-84b6-4808-8dcd-40b312020d20','6e25b812-74c2-4b47-a592-62aa2794a7a3',NULL,'7c2d4fa5-ca69-11e7-9e68-94e3b7ea6e68',NULL,10,'c831dc49-1b25-4e94-b306-d3f224285efd','2017-12-15 14:46:02',NULL,NULL),('8be1ca8e-e163-11e7-aa3a-101e67a91c8d','28316561-84b6-4808-8dcd-40b312020d20','519b3cf3-16fd-42b1-9d6a-82a7d74a3f07',NULL,'e16ff99a-e079-11e7-ba74-51330ca20948',NULL,10,'c831dc49-1b25-4e94-b306-d3f224285efd','2017-12-15 14:46:02',NULL,NULL),('8eeac324-e1fc-11e7-bd99-5d65e13a7fcf','a70774e8-aa1c-41d6-ad17-cc551d1ee9e1','4100d004-7330-43e8-946f-b55816a1b8f4',NULL,NULL,'5cae76b4-7e6e-4144-9641-8b5ccf61dd1a',990,'c831dc49-1b25-4e94-b306-d3f224285efd','2017-12-16 09:01:20',NULL,NULL),('8eeb8805-e1fc-11e7-bd99-5d65e13a7fcf','a70774e8-aa1c-41d6-ad17-cc551d1ee9e1','655678a5-a28d-42a9-96bc-0a03b45fbcf4',NULL,NULL,'cd0a117a-a067-4b79-a0c7-d494b3cd4e6c',1000,'c831dc49-1b25-4e94-b306-d3f224285efd','2017-12-16 09:01:20',NULL,NULL),('dfe76b9d-e184-11e7-aa3a-101e67a91c8d','c3ecd98c-10ab-41a8-b55d-bc3620d08aa7','519b3cf3-16fd-42b1-9d6a-82a7d74a3f07',NULL,'e16ff99a-e079-11e7-ba74-51330ca20948',NULL,100,'c831dc49-1b25-4e94-b306-d3f224285efd','2017-12-15 18:44:31',NULL,NULL),('edc7939b-e1fc-11e7-bd99-5d65e13a7fcf','adaef812-6228-48c9-a566-05e23c22991e','6e25b812-74c2-4b47-a592-62aa2794a7a3',NULL,'7c2d4fa5-ca69-11e7-9e68-94e3b7ea6e68',NULL,100,'c831dc49-1b25-4e94-b306-d3f224285efd','2017-12-16 09:03:55',NULL,NULL),('edc7c474-e1fc-11e7-bd99-5d65e13a7fcf','adaef812-6228-48c9-a566-05e23c22991e','519b3cf3-16fd-42b1-9d6a-82a7d74a3f07',NULL,'e16ff99a-e079-11e7-ba74-51330ca20948',NULL,100,'c831dc49-1b25-4e94-b306-d3f224285efd','2017-12-16 09:03:55',NULL,NULL);

/*Table structure for table `erp_kinds` */

DROP TABLE IF EXISTS `erp_kinds`;

CREATE TABLE `erp_kinds` (
  `KIN_ID` varchar(100) NOT NULL,
  `TYPE_ID` varchar(100) DEFAULT NULL,
  `KIN_SERIAL` varchar(100) DEFAULT NULL,
  `KIN_BARCODE` varchar(30) DEFAULT NULL,
  `KIN_NAME` varchar(40) DEFAULT NULL,
  `KIN_CONTENT` decimal(5,0) DEFAULT NULL,
  `KIN_EXPIRATION` varchar(20) DEFAULT NULL,
  `KIN_PRICE` decimal(8,2) DEFAULT NULL,
  `KIN_SELLINF` decimal(8,2) DEFAULT NULL,
  `KIN_STOST` decimal(8,2) DEFAULT NULL,
  `ISVA` int(11) DEFAULT NULL,
  `CREATETIME` varchar(40) DEFAULT NULL,
  `CREATER` varchar(100) DEFAULT NULL,
  `REMARK` varchar(300) DEFAULT NULL,
  PRIMARY KEY (`KIN_ID`)
) ENGINE=InnoDB DEFAULT CHARSET=utf8;

/*Data for the table `erp_kinds` */

insert  into `erp_kinds`(`KIN_ID`,`TYPE_ID`,`KIN_SERIAL`,`KIN_BARCODE`,`KIN_NAME`,`KIN_CONTENT`,`KIN_EXPIRATION`,`KIN_PRICE`,`KIN_SELLINF`,`KIN_STOST`,`ISVA`,`CREATETIME`,`CREATER`,`REMARK`) values ('6edd9117-e18b-11e7-aa3a-101e67a91c8d','1','YP-2017-12-15-001','120504CH','钙镁片','38','2年','36.00','60.00','67.00',1,'2017-12-15 19:31:03',NULL,'保健用品'),('7c2d4fa5-ca69-11e7-9e68-94e3b7ea6e68','1','YP2017-11-16002','1','感冒灵','1','1','10.00','1.00','1.00',1,'2017-11-16 09:00:06',NULL,'1'),('9bb17104-ca69-11e7-9e68-94e3b7ea6e68','1','YP2017-11-16003','123456789','维生素c','13','3年','13.50','33.60','44.60',1,'2017-11-16 09:00:59',NULL,'1'),('e16ff99a-e079-11e7-ba74-51330ca20948','1','YP-2017-12-14-001','B018','甘蓝灵芝','27','2年','26.00','40.00','45.00',1,'2017-12-14 10:52:58',NULL,'增强免疫力');

/*Table structure for table `erp_kinds_type` */

DROP TABLE IF EXISTS `erp_kinds_type`;

CREATE TABLE `erp_kinds_type` (
  `TYPE_ID` varchar(100) NOT NULL,
  `TYPE_SERIAL` varchar(100) DEFAULT NULL,
  `TYPE_NAME` varchar(30) DEFAULT NULL,
  `REMARK` varchar(300) DEFAULT NULL,
  `CREATER` varchar(100) DEFAULT NULL,
  `CREATETIME` varchar(40) DEFAULT NULL,
  PRIMARY KEY (`TYPE_ID`)
) ENGINE=InnoDB DEFAULT CHARSET=utf8;

/*Data for the table `erp_kinds_type` */

insert  into `erp_kinds_type`(`TYPE_ID`,`TYPE_SERIAL`,`TYPE_NAME`,`REMARK`,`CREATER`,`CREATETIME`) values ('1','lx-2017-10-18-001','保健','老爷爷的大爱','0','2016-10-19 12:13:1'),('1420fd60-b603-11e7-a5b5-b52fcc71cfbc','LX-2017-10-21-003','姨！','哇哈哈','1','2017-10-21 09:56:39'),('2','lx-2017-10-18-002','胃药','福音','0','2016-10-19 12:15:1'),('3f8a00d5-b603-11e7-a5b5-b52fcc71cfbc','LX-2017-10-21-004','感冒药','小可爱','0','2017-10-21 09:57:52'),('581e199c-b602-11e7-a5b5-b52fcc71cfbc','LX-2017-10-21-001','心脏病','重大突破','0','2017-10-21 09:51:24'),('719192f2-b603-11e7-a5b5-b52fcc71cfbc','LX-2017-10-21-005','黑','小可爱','1','2017-10-21 09:59:16'),('d0ebb2ca-b604-11e7-a5b5-b52fcc71cfbc','LX-2017-10-21-006','妇科','妇女之友','0','2017-10-21 10:09:06'),('d35a4302-b602-11e7-a5b5-b52fcc71cfbc','LX-2017-10-21-002','哇哈哈','略略略','0','2017-10-21 09:54:51');

/*Table structure for table `erp_kindsorder` */

DROP TABLE IF EXISTS `erp_kindsorder`;

CREATE TABLE `erp_kindsorder` (
  `KINORD_ID` varchar(100) NOT NULL,
  `KIN_ID` varchar(100) DEFAULT NULL,
  `ANNEX_ID` varchar(100) DEFAULT NULL,
  `KINORD_SERIAL` varchar(100) DEFAULT NULL,
  `KINORD_NUM` decimal(9,2) DEFAULT NULL,
  `KINORD_BUSIBESS` int(11) DEFAULT NULL,
  `STATE` int(11) DEFAULT NULL,
  `ISVA` int(11) DEFAULT NULL,
  `CREATETIME` varchar(40) DEFAULT NULL,
  `CREATER` varchar(100) DEFAULT NULL,
  `REMARK` varchar(300) DEFAULT NULL,
  PRIMARY KEY (`KINORD_ID`)
) ENGINE=InnoDB DEFAULT CHARSET=utf8;

/*Data for the table `erp_kindsorder` */

/*Table structure for table `erp_kinord_detail` */

DROP TABLE IF EXISTS `erp_kinord_detail`;

CREATE TABLE `erp_kinord_detail` (
  `ORD_DET_ID` varchar(100) NOT NULL,
  `KINORD_ID` varchar(100) DEFAULT NULL,
  `KIN_ID` varchar(100) DEFAULT NULL,
  `ORD_NUM` decimal(5,0) DEFAULT NULL,
  `ORD_PRICE` decimal(10,2) DEFAULT NULL,
  `REMARK` varchar(300) DEFAULT NULL,
  `CERACER` varchar(100) DEFAULT NULL,
  `CERACERTIME` varchar(40) DEFAULT NULL,
  PRIMARY KEY (`ORD_DET_ID`)
) ENGINE=InnoDB DEFAULT CHARSET=utf8;

/*Data for the table `erp_kinord_detail` */

/*Table structure for table `erp_ledgyr` */

DROP TABLE IF EXISTS `erp_ledgyr`;

CREATE TABLE `erp_ledgyr` (
  `GYR_ID` varchar(100) NOT NULL,
  `FDPRO_ID` varchar(100) DEFAULT NULL,
  `SALE_ID` varchar(100) DEFAULT NULL,
  `ANNEX_ID` varchar(100) DEFAULT NULL,
  `GYR_SREIAL` varchar(100) DEFAULT NULL,
  `GYR_PRICE` decimal(20,4) DEFAULT NULL,
  `REMARK` varchar(1000) DEFAULT NULL,
  `CREATER` varchar(100) DEFAULT NULL,
  `CREATETIME` varchar(40) DEFAULT NULL,
  `ISVA` int(11) DEFAULT NULL,
  PRIMARY KEY (`GYR_ID`)
) ENGINE=InnoDB DEFAULT CHARSET=utf8;

/*Data for the table `erp_ledgyr` */

insert  into `erp_ledgyr`(`GYR_ID`,`FDPRO_ID`,`SALE_ID`,`ANNEX_ID`,`GYR_SREIAL`,`GYR_PRICE`,`REMARK`,`CREATER`,`CREATETIME`,`ISVA`) values ('0150cb82-5def-4bcd-8266-101ea853d284',NULL,'bdcb0d34-abdf-4bd5-85cd-27618324c9e7','d36cf6aa-f6ef-4e64-a12e-9dc2e91310f6','15854035-2bea-4b5a-93ff-d7588f76450e','108.0000',NULL,'d3afb3ca-c92f-468e-a41d-277ddb219e6a','Fri Dec 15 18:49:10 CST 2017',NULL),('1a6382e3-9e47-48c5-b7b6-7f395b7c915e','31f8cefe-f728-4265-b41c-5d8be8162bd8',NULL,'d36cf6aa-f6ef-4e64-a12e-9dc2e91310f6','2cba343d-03b4-4a8f-9f9b-c47d95c17432','100.0000',NULL,NULL,NULL,1),('298eb05c-ad13-45e8-b89c-1eb576ecadcf','1f4a6328-0d4b-4dd6-a5d9-c0ba9e43630b',NULL,'d36cf6aa-f6ef-4e64-a12e-9dc2e91310f6','2017-12-16 09:04:52','360.0000',NULL,NULL,NULL,1),('42569527-ba2f-4c2d-b512-0e056e7dfa80','123','0f9c255f-b920-441e-ba18-cbfd0dce4f4f','6eb8d4db-20d7-48b2-a2de-002992b51ade','530eb67c-8592-4134-8048-b1db84641218','58.0000','nice','50410892-ce1f-4605-a753-e223ac76e61f','Fri Nov 24 15:55:51 CST 2017',1),('5722ba67-6dd4-40fd-b797-c55e2836e586',NULL,'04aba86b-1a47-46a7-8918-39aa044a0b26','d36cf6aa-f6ef-4e64-a12e-9dc2e91310f6','eab3e29e-6199-4bdf-8c31-2b508c6617a9','36.0000',NULL,'d3afb3ca-c92f-468e-a41d-277ddb219e6a','Fri Dec 15 15:08:23 CST 2017',NULL),('5a1278ee-16c1-4cb2-9a5b-32c927aa7a73','705555de-9b24-4684-a5d2-d8eb2dfaa7ab',NULL,'d36cf6aa-f6ef-4e64-a12e-9dc2e91310f6','2017-12-15 10:51:46','100.0000',NULL,NULL,NULL,1),('61846240-8d53-4eff-97c8-56c7c0eea04f',NULL,'3da5f8c4-bd0d-49b2-89b0-2a9f1391f6ba','d36cf6aa-f6ef-4e64-a12e-9dc2e91310f6','8b5e40d8-0896-494b-bc2d-3349003c3a0c','480.0000',NULL,'50410892-ce1f-4605-a753-e223ac76e61f','Thu Dec 14 14:37:19 CST 2017',NULL),('670b85c2-3f8d-4cf7-a8f4-500b47d5043d','d5995599-6098-47f0-89b0-193d1a77dfb4',NULL,'d36cf6aa-f6ef-4e64-a12e-9dc2e91310f6','366822de-bccc-4e0c-8055-84044109b101','700.0000',NULL,NULL,NULL,1),('7e34601a-69df-4e41-8d00-22c185a8a177','ca92e5ea-0f09-45ff-b5dc-41a4fbab38db',NULL,'d36cf6aa-f6ef-4e64-a12e-9dc2e91310f6','e9788a27-951e-4bda-8019-1bb026a948b8','200.0000',NULL,NULL,NULL,1),('821b390d-e120-4828-810d-dfaa0bc6a04d','123','0f9c255f-b920-441e-ba18-cbfd0dce4f4f','6eb8d4db-20d7-48b2-a2de-002992b51ade','d287cdee-18fd-4013-95d9-dcbe643a7a7d','36.0000','nice','50410892-ce1f-4605-a753-e223ac76e61f','Fri Nov 24 15:57:02 CST 2017',1),('880a66d3-b6b0-4436-bfe1-4f5ed4134c4a',NULL,'190cdaad-50f8-480a-b58b-9e2760d4c3e4','d36cf6aa-f6ef-4e64-a12e-9dc2e91310f6','3995f8ed-4e80-4719-9f45-bdc922625e5a','40.0000',NULL,'d3afb3ca-c92f-468e-a41d-277ddb219e6a','Fri Dec 15 15:10:15 CST 2017',NULL),('92274fd7-2fa4-4a40-b5f4-6eef9a6c111a','3939aeec-b9dc-4a60-aeb8-2c862b8e7d76',NULL,'d36cf6aa-f6ef-4e64-a12e-9dc2e91310f6','67f9eaa2-9dcb-44d7-b82d-eaf401ff7e3f','1000.0000',NULL,NULL,NULL,1),('96fd7af4-74b6-46a0-92a9-05df09268c66','64912f6e-fd0f-428c-a78f-0eb985bbb791',NULL,'d36cf6aa-f6ef-4e64-a12e-9dc2e91310f6','2017-12-14 19:53:27','1000.0000',NULL,NULL,NULL,1),('9b584897-b7e8-4423-9a8e-96010c68cd17','7a2c057b-a781-4af7-b992-94a3587c9228',NULL,'d36cf6aa-f6ef-4e64-a12e-9dc2e91310f6','2017-12-15 18:46:01','260.0000',NULL,NULL,NULL,1),('9d9aba35-a1f6-4238-82a8-60bf06136a65','b5b69afb-9bd9-407e-8513-4a134bf33cf4',NULL,'d36cf6aa-f6ef-4e64-a12e-9dc2e91310f6','4b5686e4-ee75-4f0f-9b25-230a8e4067fc','13000.0000',NULL,NULL,NULL,1),('a34ba743-d0ad-4d84-8a1f-8d9e1922cf7c','9b7144a2-1782-4c4e-9249-5e8379692294',NULL,'d36cf6aa-f6ef-4e64-a12e-9dc2e91310f6','2017-12-15 14:47:24','100.0000',NULL,NULL,NULL,1),('a3511be4-764b-4517-a5cb-33eb8e6edaa9',NULL,'320a5c4d-758a-4c62-a024-1b35d034e341','d36cf6aa-f6ef-4e64-a12e-9dc2e91310f6','2929fed1-12e0-44a9-af8c-63e444bfd664','45.0000',NULL,'d3afb3ca-c92f-468e-a41d-277ddb219e6a','Fri Dec 15 15:01:21 CST 2017',NULL),('ad6d6e7d-0a9e-44b5-8470-421c10012d00',NULL,'bb8ef9ea-c9ad-4b01-b363-ee1ee6382fbf','d36cf6aa-f6ef-4e64-a12e-9dc2e91310f6','0832e71f-fcf7-47ff-8408-06ab551e9a9a','360.0000',NULL,'d3afb3ca-c92f-468e-a41d-277ddb219e6a','Sat Dec 16 09:07:10 CST 2017',NULL),('c141c1b8-8a67-4c35-b4be-1591cf0a09c8','123','f6b31410-aae7-443e-8584-7972b38843af','6eb8d4db-20d7-48b2-a2de-002992b51ade','4b5e6cc0-95d2-46d5-a411-13f3e6fdd58a','603.2000','nice','50410892-ce1f-4605-a753-e223ac76e61f','Thu Nov 30 13:48:59 CST 2017',1),('ca449aeb-9746-42d0-a956-f8fec1823334','123','ed1e2305-d681-4315-b35d-a10b3f726d6f','6eb8d4db-20d7-48b2-a2de-002992b51ade','6384c7ad-0c63-4121-9c65-50e7c062c116','417.6000','nice','50410892-ce1f-4605-a753-e223ac76e61f','Thu Nov 30 15:29:22 CST 2017',1),('ca8bb555-1d18-4a93-afaf-0678c420fe35',NULL,'6d33e2e8-21b4-4fc9-9c09-70daff344956','d36cf6aa-f6ef-4e64-a12e-9dc2e91310f6','2c7daf4c-0fc0-4471-929e-5ec418648d48','405.0000',NULL,'50410892-ce1f-4605-a753-e223ac76e61f','Thu Dec 14 11:38:44 CST 2017',NULL),('ce1beda2-6619-4446-ad2a-02e8025050d8',NULL,'5995c393-372d-40cf-957c-a698365c6650','d36cf6aa-f6ef-4e64-a12e-9dc2e91310f6','6720449a-c072-4660-b75e-1e36bb40f125','800.0000',NULL,'d3afb3ca-c92f-468e-a41d-277ddb219e6a','Sat Dec 16 09:08:18 CST 2017',NULL),('ce27e825-4ca9-4e37-b0f0-772a7d07ca0c','7fd40f25-35ee-4059-91df-a8abf4380e81',NULL,'d36cf6aa-f6ef-4e64-a12e-9dc2e91310f6','a7612f09-9d0f-4fbc-be35-7496c3f5a3e3','20.0000',NULL,NULL,NULL,1),('d001eb9d-47f6-4668-919a-40eeceb573a0',NULL,'f2297aea-ae8f-44c0-9460-6932170cefa4','d36cf6aa-f6ef-4e64-a12e-9dc2e91310f6','754ccb4c-e4bf-488e-b74f-864287fd4f55','480.0000',NULL,'50410892-ce1f-4605-a753-e223ac76e61f','Thu Dec 14 11:39:27 CST 2017',NULL),('d19edc5e-6754-4359-9d40-baae17bf2abf','b55f9818-f287-4af4-adc7-e972e38ac5ef',NULL,'d36cf6aa-f6ef-4e64-a12e-9dc2e91310f6','2017-12-15 10:55:20','26.0000',NULL,NULL,NULL,1),('e9b71bb8-a640-42ca-93cf-a1224bb29a69','d779805d-cfc1-495c-aaa6-64cb48c0d008',NULL,'d36cf6aa-f6ef-4e64-a12e-9dc2e91310f6','1e95b52b-2b48-46de-a49e-89b8aeaaa681','3472.0000',NULL,NULL,NULL,1),('ef718042-9150-4600-bf33-4b79ddd644c0','123','29ccb45c-767a-4e54-82fa-968b2e9a90ad','6eb8d4db-20d7-48b2-a2de-002992b51ade','56a57822-64fe-4295-bebc-289b08a7218a','58.0000','nice','50410892-ce1f-4605-a753-e223ac76e61f','Fri Nov 24 15:35:23 CST 2017',1),('fd15afb3-8113-44d5-a65a-b0a4029d6ed8',NULL,'317437a1-f029-4484-9b7f-7f4995f5175a','d36cf6aa-f6ef-4e64-a12e-9dc2e91310f6','b7ab1298-2397-4d93-be65-69b625a4a4a2','160.0000',NULL,'d3afb3ca-c92f-468e-a41d-277ddb219e6a','Fri Dec 15 18:51:22 CST 2017',NULL);

/*Table structure for table `erp_log` */

DROP TABLE IF EXISTS `erp_log`;

CREATE TABLE `erp_log` (
  `LOG_ID` varchar(100) NOT NULL,
  `INDENT_ID` varchar(200) DEFAULT NULL,
  `LOG_SERIAL` varchar(100) DEFAULT NULL,
  `LOG_TITLE` varchar(30) DEFAULT NULL,
  `LOG_CONTENT` varchar(200) DEFAULT NULL,
  `LOG_NUM` int(11) DEFAULT NULL,
  `LOG_COMPLET` int(11) DEFAULT NULL,
  `LOG_PERSON` varchar(20) DEFAULT NULL,
  `ISVA` int(11) DEFAULT NULL,
  `STATE` int(11) DEFAULT NULL,
  `CREATETIME` varchar(40) DEFAULT NULL,
  `CREATER` varchar(100) DEFAULT NULL,
  `REMARK` varchar(200) DEFAULT NULL,
  PRIMARY KEY (`LOG_ID`)
) ENGINE=InnoDB DEFAULT CHARSET=utf8;

/*Data for the table `erp_log` */

insert  into `erp_log`(`LOG_ID`,`INDENT_ID`,`LOG_SERIAL`,`LOG_TITLE`,`LOG_CONTENT`,`LOG_NUM`,`LOG_COMPLET`,`LOG_PERSON`,`ISVA`,`STATE`,`CREATETIME`,`CREATER`,`REMARK`) values ('0da8ab56e07b11e7ba7451330ca20948','1da679ace07a11e7ba7451330ca20948','RZ-2017-12-14717','','',NULL,100,NULL,1,NULL,'2017-12-14',NULL,NULL),('551e562de14211e7aa3a101e67a91c8d','a50e74ece14011e7aa3a101e67a91c8d','RZ-2017-12-15115','','',NULL,100,NULL,1,NULL,'2017-12-15',NULL,NULL),('76ceef1de16311e7aa3a101e67a91c8d','b7fceefde15e11e7aa3a101e67a91c8d','RZ-2017-12-15822','','',NULL,100,NULL,1,NULL,'2017-12-15',NULL,NULL),('8aaca03ee09511e7ba7451330ca20948','3db931a2e09511e7ba7451330ca20948','RZ-2017-12-14282','çäº§001','123',NULL,50,NULL,1,NULL,'2017-12-14',NULL,NULL),('abc85445e18411e7aa3a101e67a91c8d','58a759f7e18311e7aa3a101e67a91c8d','RZ-2017-12-15499','ç´§æ¥','',NULL,100,NULL,1,NULL,'2017-12-15',NULL,NULL),('b6ebd6e8e0c311e7917cab35057a5746','c2fb5406e0bd11e7917cab35057a5746','RZ-2017-12-14307','123','ç­ç­',NULL,50,NULL,1,NULL,'2017-12-14',NULL,NULL),('c15291fbe09511e7ba7451330ca20948','3db931a2e09511e7ba7451330ca20948','RZ-2017-12-14485','å¢å ','123',NULL,100,NULL,1,NULL,'2017-12-14',NULL,NULL),('d238ca85e07111e7ba7451330ca20948','bece7a0ad56a11e78c359a2b069e0643','RZ-2017-12-14137','','',NULL,20,NULL,1,NULL,'2017-12-14',NULL,NULL),('d67b6887e1fc11e7bd995d65e13a7fcf','c3c87426e1fb11e7bd995d65e13a7fcf','RZ-2017-12-16230','123','212',NULL,100,NULL,1,NULL,'2017-12-16',NULL,NULL),('d7710374e07711e7ba7451330ca20948','aeb14667e07711e7ba7451330ca20948','RZ-2017-12-1445','','',NULL,100,NULL,1,NULL,'2017-12-14',NULL,NULL),('deef1878e07111e7ba7451330ca20948','bece7a0ad56a11e78c359a2b069e0643','RZ-2017-12-14478','','',NULL,40,NULL,1,NULL,'2017-12-14',NULL,NULL),('e6a6907adffd11e7ba7451330ca20948','40cd9f99dff811e7ba7451330ca20948','RZ-2017-12-13521','ï¼ï¼','',NULL,80,NULL,1,NULL,'2017-12-13',NULL,NULL),('ed205fdee07111e7ba7451330ca20948','bece7a0ad56a11e78c359a2b069e0643','RZ-2017-12-14814','','',NULL,100,NULL,1,NULL,'2017-12-14',NULL,NULL),('eecca0c5e0c311e7917cab35057a5746','c2fb5406e0bd11e7917cab35057a5746','RZ-2017-12-14871','','',NULL,100,NULL,1,NULL,'2017-12-14',NULL,NULL),('f4589db5dffd11e7ba7451330ca20948','40cd9f99dff811e7ba7451330ca20948','RZ-2017-12-13429','','',NULL,100,NULL,1,NULL,'2017-12-13',NULL,NULL);

/*Table structure for table `erp_log_detail` */

DROP TABLE IF EXISTS `erp_log_detail`;

CREATE TABLE `erp_log_detail` (
  `DETAIL_ID` varchar(100) NOT NULL,
  `LOG_ID` varchar(100) DEFAULT NULL,
  `KIN_ID` varchar(100) DEFAULT NULL,
  `DETAIL_NUM` int(11) DEFAULT NULL,
  `NUM` int(11) DEFAULT NULL,
  `CREATETIME` varchar(100) DEFAULT NULL,
  `ISVA` int(11) DEFAULT NULL,
  PRIMARY KEY (`DETAIL_ID`)
) ENGINE=InnoDB DEFAULT CHARSET=utf8;

/*Data for the table `erp_log_detail` */

insert  into `erp_log_detail`(`DETAIL_ID`,`LOG_ID`,`KIN_ID`,`DETAIL_NUM`,`NUM`,`CREATETIME`,`ISVA`) values ('0da9d5a2e07b11e7ba7451330ca20948','0da8ab56e07b11e7ba7451330ca20948','e16ff99a-e079-11e7-ba74-51330ca20948',1000,1000,'2017-12-14',1),('551f7445e14211e7aa3a101e67a91c8d','551e562de14211e7aa3a101e67a91c8d','7c2d4fa5-ca69-11e7-9e68-94e3b7ea6e68',10,10,'2017-12-15',1),('552036d9e14211e7aa3a101e67a91c8d','551e562de14211e7aa3a101e67a91c8d','e16ff99a-e079-11e7-ba74-51330ca20948',10,10,'2017-12-15',1),('76d08f18e16311e7aa3a101e67a91c8d','76ceef1de16311e7aa3a101e67a91c8d','7c2d4fa5-ca69-11e7-9e68-94e3b7ea6e68',10,10,'2017-12-15',1),('76d189d0e16311e7aa3a101e67a91c8d','76ceef1de16311e7aa3a101e67a91c8d','e16ff99a-e079-11e7-ba74-51330ca20948',10,10,'2017-12-15',1),('8aae910ae09511e7ba7451330ca20948','8aaca03ee09511e7ba7451330ca20948','7c2d4fa5-ca69-11e7-9e68-94e3b7ea6e68',50,50,'2017-12-14',1),('8ab0c9c3e09511e7ba7451330ca20948','8aaca03ee09511e7ba7451330ca20948','e16ff99a-e079-11e7-ba74-51330ca20948',50,50,'2017-12-14',1),('abc9ebbbe18411e7aa3a101e67a91c8d','abc85445e18411e7aa3a101e67a91c8d','e16ff99a-e079-11e7-ba74-51330ca20948',100,100,'2017-12-15',1),('b6ed43c9e0c311e7917cab35057a5746','b6ebd6e8e0c311e7917cab35057a5746','7c2d4fa5-ca69-11e7-9e68-94e3b7ea6e68',50,50,'2017-12-14',1),('b6ee6619e0c311e7917cab35057a5746','b6ebd6e8e0c311e7917cab35057a5746','e16ff99a-e079-11e7-ba74-51330ca20948',50,50,'2017-12-14',1),('c15446ace09511e7ba7451330ca20948','c15291fbe09511e7ba7451330ca20948','7c2d4fa5-ca69-11e7-9e68-94e3b7ea6e68',50,100,'2017-12-14',1),('c155a09ee09511e7ba7451330ca20948','c15291fbe09511e7ba7451330ca20948','e16ff99a-e079-11e7-ba74-51330ca20948',50,100,'2017-12-14',1),('d23a9d58e07111e7ba7451330ca20948','d238ca85e07111e7ba7451330ca20948','9bb17104-ca69-11e7-9e68-94e3b7ea6e68',1,1,'2017-12-14',1),('d67ccedae1fc11e7bd995d65e13a7fcf','d67b6887e1fc11e7bd995d65e13a7fcf','7c2d4fa5-ca69-11e7-9e68-94e3b7ea6e68',100,100,'2017-12-16',1),('d67dd19ee1fc11e7bd995d65e13a7fcf','d67b6887e1fc11e7bd995d65e13a7fcf','e16ff99a-e079-11e7-ba74-51330ca20948',100,100,'2017-12-16',1),('d772d5d0e07711e7ba7451330ca20948','d7710374e07711e7ba7451330ca20948','7c2d4fa5-ca69-11e7-9e68-94e3b7ea6e68',10,10,'2017-12-14',1),('def0223fe07111e7ba7451330ca20948','deef1878e07111e7ba7451330ca20948','9bb17104-ca69-11e7-9e68-94e3b7ea6e68',1,2,'2017-12-14',1),('e6a7978bdffd11e7ba7451330ca20948','e6a6907adffd11e7ba7451330ca20948','7c2d4fa5-ca69-11e7-9e68-94e3b7ea6e68',4,4,'2017-12-13',1),('ed21eda4e07111e7ba7451330ca20948','ed205fdee07111e7ba7451330ca20948','9bb17104-ca69-11e7-9e68-94e3b7ea6e68',3,5,'2017-12-14',1),('eecdbdade0c311e7917cab35057a5746','eecca0c5e0c311e7917cab35057a5746','7c2d4fa5-ca69-11e7-9e68-94e3b7ea6e68',50,100,'2017-12-14',1),('eecee772e0c311e7917cab35057a5746','eecca0c5e0c311e7917cab35057a5746','e16ff99a-e079-11e7-ba74-51330ca20948',50,100,'2017-12-14',1),('f45976fddffd11e7ba7451330ca20948','f4589db5dffd11e7ba7451330ca20948','7c2d4fa5-ca69-11e7-9e68-94e3b7ea6e68',1,5,'2017-12-13',1);

/*Table structure for table `erp_member` */

DROP TABLE IF EXISTS `erp_member`;

CREATE TABLE `erp_member` (
  `MEMBER_ID` varchar(100) NOT NULL,
  `MEMBER_NAME` varchar(50) DEFAULT NULL,
  `MEMBER_SEX` varchar(2) DEFAULT NULL,
  `MEMBER_PHONE` varchar(11) DEFAULT NULL,
  `MEMBER_NUM` decimal(8,2) DEFAULT NULL,
  `MEMBER_EMAIL` varchar(50) DEFAULT NULL,
  `MEMBER_STARTTIME` varchar(50) DEFAULT NULL,
  `MEMBER_VALIDATE` varchar(50) DEFAULT NULL,
  `MEMBER_PIZHEKO` decimal(3,2) DEFAULT NULL,
  `MEMBER_ZHEKO` decimal(3,2) DEFAULT NULL,
  `MEMBER_STAUTS` varchar(2) DEFAULT NULL,
  `MEMBER_REAMRK` varchar(500) DEFAULT NULL,
  PRIMARY KEY (`MEMBER_ID`)
) ENGINE=InnoDB DEFAULT CHARSET=utf8;

/*Data for the table `erp_member` */

insert  into `erp_member`(`MEMBER_ID`,`MEMBER_NAME`,`MEMBER_SEX`,`MEMBER_PHONE`,`MEMBER_NUM`,`MEMBER_EMAIL`,`MEMBER_STARTTIME`,`MEMBER_VALIDATE`,`MEMBER_PIZHEKO`,`MEMBER_ZHEKO`,`MEMBER_STAUTS`,`MEMBER_REAMRK`) values ('14786684620','王空','男','14786684620',NULL,'16100134343@qq.com','2017-12-15 15:03:12',NULL,NULL,'8.00','1',NULL);

/*Table structure for table `erp_model` */

DROP TABLE IF EXISTS `erp_model`;

CREATE TABLE `erp_model` (
  `MODEL_ID` varchar(200) NOT NULL,
  `MODEL_NAME` varchar(200) DEFAULT NULL,
  `MODEL_CODE` varchar(100) DEFAULT NULL,
  `model_icon` varchar(20) DEFAULT NULL,
  `ERP_MODEL_ID` varchar(200) DEFAULT NULL,
  `ISVA` varchar(2) DEFAULT NULL,
  `createTime` varchar(50) DEFAULT NULL,
  `creater` varchar(20) DEFAULT NULL,
  `remark` varchar(100) DEFAULT NULL,
  PRIMARY KEY (`MODEL_ID`)
) ENGINE=InnoDB DEFAULT CHARSET=utf8;

/*Data for the table `erp_model` */

insert  into `erp_model`(`MODEL_ID`,`MODEL_NAME`,`MODEL_CODE`,`model_icon`,`ERP_MODEL_ID`,`ISVA`,`createTime`,`creater`,`remark`) values ('06925141-692a-4f0f-8657-5134414280b4','供货商','page/apply.jsp',NULL,'eda2997e-694a-47b5-ba29-e545037c4168','1',NULL,NULL,NULL),('0781c0f9-bf02-46c5-af35-951ab4ed74f1','分店销售',NULL,NULL,'0','1',NULL,NULL,''),('0796a5f2-0816-45dc-904c-2b99d2822cf8','发布公告','page/addNotice.jsp',NULL,'c681c44c-4e9b-42f5-9f75-06342b7e8d7b','1',NULL,NULL,NULL),('07b5451f-2846-4a9f-bb6c-268b687b0c5f','分店销售','sctockmp/sellEntrance.action',NULL,'0781c0f9-bf02-46c5-af35-951ab4ed74f1','1',NULL,NULL,NULL),('0d43f778-0e64-4879-adb4-867577ab5165','分店库存','page/Sumstock.jsp',NULL,'e7b98bb8-ec9e-40c7-a787-db363e795540','1',NULL,NULL,NULL),('112c4bd5-f1d5-4249-ae30-a66b0205d6e3','合同类型管理','page/erpPactType.jsp',NULL,'850bce6f-f271-4038-9b18-cded2819fdb1','1',NULL,NULL,NULL),('11811ffc-e95d-4280-afe8-52f6ef51811b','合同列表','page/erpPact.jsp',NULL,'850bce6f-f271-4038-9b18-cded2819fdb1','1',NULL,NULL,NULL),('14d3ffde-bee6-49b3-9c88-e0eca104e3ca','商品列表','page/kinds.jsp',NULL,'c506d87d-c3fa-48ae-9d41-7a8a4ec12ff3','1',NULL,NULL,NULL),('1686c7e5-cb1a-4b2f-812e-6e7a45ed054a','总店采购',NULL,NULL,'0','1',NULL,NULL,''),('20d21ce0-2745-4310-9bf9-a5a0a9c57685','会员列表','page/member.jsp',NULL,'3fe73858-270a-449e-bcff-e78c5ee57e32','1',NULL,NULL,NULL),('24f80813-0185-43aa-8f54-b42010ca80e4','分店财务','page/ledgyr.jsp',NULL,'e7b98bb8-ec9e-40c7-a787-db363e795540','1',NULL,NULL,NULL),('26c37b54-fa7f-497e-aa9b-3b8219381abc','订单批发审核','page/sctockmpAudit.jsp',NULL,'0781c0f9-bf02-46c5-af35-951ab4ed74f1','1',NULL,NULL,NULL),('26e8ffea-9230-4450-a3d6-fbd284431177','采购审核','page/purchase.jsp',NULL,'1686c7e5-cb1a-4b2f-812e-6e7a45ed054a','1',NULL,NULL,NULL),('2d68fe18-5de2-4487-943b-7342cac85261','人员管理','page/staff.jsp',NULL,'794a62f9-690f-4fac-98da-9e13c32cd3d3','1',NULL,NULL,NULL),('33ba38ef-021c-4fcd-a9be-fe0aef9e1c5b','原材料','page/raw.jsp',NULL,'c506d87d-c3fa-48ae-9d41-7a8a4ec12ff3','1',NULL,NULL,NULL),('3e1bad51-e0e6-491b-8fb4-8a22c3a25eed','分店采购',NULL,NULL,'0','1',NULL,NULL,''),('3fe73858-270a-449e-bcff-e78c5ee57e32','会员管理',NULL,NULL,'0','1',NULL,NULL,''),('444e0d4a-1eb8-4823-becd-4ba0a20242ff','审核管理',NULL,NULL,'0','1',NULL,NULL,''),('5841ed7c-5820-4915-afda-15b409eb0192','仓库列表','page/warehouse.jsp',NULL,'f0af12aa-2525-4fe9-b548-351f2f0a0ce6','1',NULL,NULL,NULL),('5b3f5334-8fbd-4e93-8b7a-3d1eeace385d','销售统计图','page/sctockmpChar.jsp',NULL,'0781c0f9-bf02-46c5-af35-951ab4ed74f1','1',NULL,NULL,NULL),('5f2014d2-caa6-4d5e-a641-e6febf9c508b','订单列表','page/sctockmpList.jsp',NULL,'0781c0f9-bf02-46c5-af35-951ab4ed74f1','1',NULL,NULL,NULL),('6178e4b3-5856-4433-9569-9fa53f3a0148','药效','page/resuit.jsp',NULL,'c506d87d-c3fa-48ae-9d41-7a8a4ec12ff3','1',NULL,NULL,NULL),('67495762-9c6c-478c-9331-f092aafb1de0','生产管理',NULL,NULL,'0','1',NULL,NULL,''),('794a62f9-690f-4fac-98da-9e13c32cd3d3','权限管理',NULL,NULL,'0','1',NULL,NULL,''),('7c0c19b1-391f-4cc6-8742-eaca4bb3b083','采购','page/fdproform.jsp',NULL,'3e1bad51-e0e6-491b-8fb4-8a22c3a25eed','1',NULL,NULL,NULL),('850bce6f-f271-4038-9b18-cded2819fdb1','合同管理',NULL,NULL,'0','1',NULL,NULL,''),('88cdc7e2-4958-401c-86e6-427427bd8027','采购审核','page/audit/audit.jsp',NULL,'444e0d4a-1eb8-4823-becd-4ba0a20242ff','1',NULL,NULL,NULL),('9387aefe-0283-4c1f-ab50-0414655121e9','采购列表','page/purchases.jsp',NULL,'1686c7e5-cb1a-4b2f-812e-6e7a45ed054a','1',NULL,NULL,NULL),('9c735ae8-9ea3-4a2e-957b-13d7a48cc0a3','增加生产','page/proindentadd.jsp',NULL,'67495762-9c6c-478c-9331-f092aafb1de0','1',NULL,NULL,NULL),('9dee8736-c083-494a-8a95-164da7c87a29','药品类型','page/kindstype.jsp',NULL,'c506d87d-c3fa-48ae-9d41-7a8a4ec12ff3','1',NULL,NULL,NULL),('9fd11bd9-7000-44d8-ad31-4f1688812ff7','模块管理','page/model.jsp',NULL,'794a62f9-690f-4fac-98da-9e13c32cd3d3','1',NULL,NULL,NULL),('a1984901-367b-488c-9788-77a3737e6da8','生产审核','page/audit/proindent.jsp',NULL,'444e0d4a-1eb8-4823-becd-4ba0a20242ff','1',NULL,NULL,NULL),('b1ed808c-e924-4606-a78d-a52e7dce6430','分店列表','page/annexManage.jsp',NULL,'e7b98bb8-ec9e-40c7-a787-db363e795540','1',NULL,NULL,NULL),('b305f498-d142-4251-9ba5-2de8bdbef0e7','角色管理','page/role.jsp',NULL,'794a62f9-690f-4fac-98da-9e13c32cd3d3','1',NULL,NULL,NULL),('b83311c8-cfff-471e-a54e-826a8888ef81','财务审核','page/finance.jsp',NULL,'444e0d4a-1eb8-4823-becd-4ba0a20242ff','1',NULL,NULL,NULL),('c506d87d-c3fa-48ae-9d41-7a8a4ec12ff3','商品管理',NULL,NULL,'0','1',NULL,NULL,''),('c681c44c-4e9b-42f5-9f75-06342b7e8d7b','公告管理',NULL,NULL,'0','1',NULL,NULL,''),('d507b636-2669-4636-80c5-95bdb212fb74','质检',NULL,NULL,'0','1',NULL,NULL,''),('d6ff81d4-ede6-4156-96c9-5d57dec3c762','订单列表','page/proindent.jsp',NULL,'67495762-9c6c-478c-9331-f092aafb1de0','1',NULL,NULL,NULL),('d7c93579-00d9-46de-9c69-9e56ca252295','入库管理','page/bank.jsp',NULL,'f0af12aa-2525-4fe9-b548-351f2f0a0ce6','1',NULL,NULL,NULL),('e0eac382-1d3a-492a-b6ea-1c3595cf8e56','质检','page/quality.jsp',NULL,'d507b636-2669-4636-80c5-95bdb212fb74','1',NULL,NULL,NULL),('e62e5790-fd69-4dee-9afc-2d5f45624fbc','公告列表','page/noticeList.jsp',NULL,'c681c44c-4e9b-42f5-9f75-06342b7e8d7b','1',NULL,NULL,NULL),('e6696b05-aa21-4bf2-980e-d8995acba724','部门管理','page/depa.jsp',NULL,'794a62f9-690f-4fac-98da-9e13c32cd3d3','1',NULL,NULL,NULL),('e7b98bb8-ec9e-40c7-a787-db363e795540','分店管理',NULL,NULL,'0','1',NULL,NULL,''),('ec905ceb-3eac-4be7-b799-a1f0025d3e82','分店审核','page/ratify.jsp',NULL,'3e1bad51-e0e6-491b-8fb4-8a22c3a25eed','1',NULL,NULL,NULL),('eda2997e-694a-47b5-ba29-e545037c4168','其他管理',NULL,NULL,'0','1',NULL,NULL,''),('f0af12aa-2525-4fe9-b548-351f2f0a0ce6','总店仓库',NULL,NULL,'0','1',NULL,NULL,''),('f9424a38-f0f9-4241-8b5f-c95dd730aed8','出库管理','page/outbank.jsp',NULL,'f0af12aa-2525-4fe9-b548-351f2f0a0ce6','1',NULL,NULL,NULL),('fd53a376-b0a4-40aa-92e5-17744ecdebfd','订单日志','page/Log.jsp',NULL,'67495762-9c6c-478c-9331-f092aafb1de0','1',NULL,NULL,NULL);

/*Table structure for table `erp_model_subordinate` */

DROP TABLE IF EXISTS `erp_model_subordinate`;

CREATE TABLE `erp_model_subordinate` (
  `model_sub_id` varchar(100) NOT NULL,
  `model_id` varchar(100) DEFAULT NULL,
  `model_sub_name` varchar(100) DEFAULT NULL,
  `model_sub_url` varchar(200) DEFAULT NULL,
  `ISVA` varchar(2) DEFAULT NULL,
  `reateTime` varchar(100) DEFAULT NULL,
  `creater` varchar(50) DEFAULT NULL,
  `remark` varchar(100) DEFAULT NULL,
  PRIMARY KEY (`model_sub_id`)
) ENGINE=InnoDB DEFAULT CHARSET=utf8;

/*Data for the table `erp_model_subordinate` */

/*Table structure for table `erp_notice` */

DROP TABLE IF EXISTS `erp_notice`;

CREATE TABLE `erp_notice` (
  `notice_id` varchar(100) DEFAULT NULL,
  `sta_id` varchar(100) DEFAULT NULL,
  `notice_title` varchar(200) DEFAULT NULL,
  `notice_content` varchar(1000) DEFAULT NULL,
  `notice_time` varchar(40) DEFAULT NULL,
  `isva` int(11) DEFAULT NULL,
  `oper` varchar(100) DEFAULT NULL,
  `optime` varchar(40) DEFAULT NULL
) ENGINE=InnoDB DEFAULT CHARSET=utf8;

/*Data for the table `erp_notice` */

insert  into `erp_notice`(`notice_id`,`sta_id`,`notice_title`,`notice_content`,`notice_time`,`isva`,`oper`,`optime`) values ('3e0e3bc2-6dac-491f-8cd5-edabdad50b02','50410892-ce1f-4605-a753-e223ac76e61f','加班','星期五统一加班 <img src=\"http://localhost:8080/medicine/res/layui/images/face/47.gif\" alt=\"[心]\"><br>','2017-12-08 11:38:25',1,'50410892-ce1f-4605-a753-e223ac76e61f','2017-12-08 11:38:25'),('6cd0c9eb-6486-4cdd-ad81-11c32e9d0220','50410892-ce1f-4605-a753-e223ac76e61f','奖章','张三表现优秀，奖励工资200元！<img src=\"http://localhost:8080/medicine/res/layui/images/face/67.gif\" alt=\"[礼物]\"><img src=\"http://localhost:8080/medicine/res/layui/images/face/67.gif\" alt=\"[礼物]\"><br>','2017-12-08 11:40:29',1,'50410892-ce1f-4605-a753-e223ac76e61f','2017-12-08 11:40:29'),('d66a70e0-cf6f-410c-a081-c807f3179bdc','50410892-ce1f-4605-a753-e223ac76e61f','紧急通知','下午召开重要会议，所有分店经理必须到场！<img src=\"http://localhost:8080/medicine/res/layui/images/face/64.gif\" alt=\"[围观]\"><br>','2017-12-08 11:53:07',1,'50410892-ce1f-4605-a753-e223ac76e61f','2017-12-08 11:53:07'),('defcda74-8949-4e31-bd58-9d2d38ec95ea','50410892-ce1f-4605-a753-e223ac76e61f','福利来了！','本月所有员工加工资200元！！<img src=\"http://localhost:8080/medicine/res/layui/images/face/65.gif\" alt=\"[威武]\"><br>','2017-12-08 11:55:27',1,'50410892-ce1f-4605-a753-e223ac76e61f','2017-12-08 11:55:27'),('e6800f71-fa5e-4859-9b3a-b7ee51261dcb','50410892-ce1f-4605-a753-e223ac76e61f','批评公告','刘凯上班一直迟到，给予批评<img src=\"http://localhost:8080/medicine/res/layui/images/face/62.gif\" alt=\"[浮云]\"><br>','2017-12-09 09:31:50',1,'50410892-ce1f-4605-a753-e223ac76e61f','2017-12-09 09:31:50'),('d461240b-9094-4f18-9fde-0c156449d9a3','50410892-ce1f-4605-a753-e223ac76e61f','北京分店总经理上任','<p>今决定罗集为北京分店总经理<img src=\"http://localhost:8080/medicine/res/layui/images/face/16.gif\" alt=\"[太开心]\"></p>','2017-12-09 10:04:32',1,'50410892-ce1f-4605-a753-e223ac76e61f','2017-12-09 10:04:32'),('aebfb5ca-ed74-47d1-8e7a-8efb3fe68f99','50410892-ce1f-4605-a753-e223ac76e61f','项目进度','快年底了，项目进度加快<img src=\"http://localhost:8080/medicine/res/layui/images/face/66.gif\" alt=\"[奥特曼]\">','2017-12-11 16:37:51',1,'50410892-ce1f-4605-a753-e223ac76e61f','2017-12-11 16:37:51'),('2fdf97fc-961b-438c-9ced-b50e71d74a77','50410892-ce1f-4605-a753-e223ac76e61f','开会通知','下午紧急开会！<img src=\"http://127.0.0.1:9090/medicine/res/layui/images/face/63.gif\" alt=\"[给力]\"><img src=\"http://127.0.0.1:9090/medicine/res/layui/images/face/64.gif\" alt=\"[围观]\">','2017-12-14 13:31:28',1,'50410892-ce1f-4605-a753-e223ac76e61f','2017-12-14 13:31:28'),('d00b170b-26b9-4f97-a28d-8a34e67a52b1','50410892-ce1f-4605-a753-e223ac76e61f','S3项目答辩启动','恭喜答辩通过！！！<img src=\"http://127.0.0.1:9090/medicine/res/layui/images/face/63.gif\" alt=\"[给力]\" width=\"29\" height=\"29\"><img src=\"http://127.0.0.1:9090/medicine/res/layui/images/face/56.gif\" alt=\"[赞]\">','2017-12-15 19:18:09',1,'50410892-ce1f-4605-a753-e223ac76e61f','2017-12-15 19:18:09');

/*Table structure for table `erp_ordercomp` */

DROP TABLE IF EXISTS `erp_ordercomp`;

CREATE TABLE `erp_ordercomp` (
  `ORDERCOMP_ID` varchar(100) NOT NULL,
  `INDENT_ID` varchar(200) DEFAULT NULL COMMENT '订单主键',
  `QUA_ID` varchar(100) DEFAULT NULL,
  `ORDERCOMP_SERIAL` varchar(100) DEFAULT NULL,
  `ORDERCOMP_NUM` int(11) DEFAULT NULL,
  `ORDERCOMP_COMPLETE` int(11) DEFAULT NULL,
  `ISVA` int(11) DEFAULT NULL,
  `CREATETIME` varchar(40) DEFAULT NULL,
  `CREATER` varchar(100) DEFAULT NULL,
  `REMARK` varchar(300) DEFAULT NULL,
  PRIMARY KEY (`ORDERCOMP_ID`)
) ENGINE=InnoDB DEFAULT CHARSET=utf8 COMMENT='订单完成度表';

/*Data for the table `erp_ordercomp` */

/*Table structure for table `erp_outbank` */

DROP TABLE IF EXISTS `erp_outbank`;

CREATE TABLE `erp_outbank` (
  `OB_ID` varchar(100) NOT NULL COMMENT '出库的主键',
  `KINORD_ID` varchar(100) DEFAULT NULL,
  `OB_NUMBER` varchar(100) DEFAULT NULL COMMENT '出库编号,生成的时间加上编号（列如：20160908001）',
  `OB_TIME` varchar(20) DEFAULT NULL COMMENT '出库的日期',
  `OB_WARECOUNT` int(11) DEFAULT NULL COMMENT '商品的数量',
  `OB_BUSIBESS` int(11) DEFAULT NULL,
  `OB_STAFFID` varchar(100) DEFAULT NULL COMMENT '操作人',
  `ISVA` int(11) DEFAULT NULL,
  `CREATETIME` varchar(40) DEFAULT NULL,
  `CREATER` varchar(100) DEFAULT NULL,
  `REMARK` varchar(300) DEFAULT NULL,
  PRIMARY KEY (`OB_ID`)
) ENGINE=InnoDB DEFAULT CHARSET=utf8;

/*Data for the table `erp_outbank` */

insert  into `erp_outbank`(`OB_ID`,`KINORD_ID`,`OB_NUMBER`,`OB_TIME`,`OB_WARECOUNT`,`OB_BUSIBESS`,`OB_STAFFID`,`ISVA`,`CREATETIME`,`CREATER`,`REMARK`) values ('00e1d308-e506-44fd-b849-2046172a6a63','9b7144a2-1782-4c4e-9249-5e8379692294','RK2017-12-15003','2017-12-15 14:59:55',10,4,'717b1f7f-b270-4d88-85e4-8a5f214c5a4d',1,'2017-12-15 14:52:19','338e6179-a848-42cf-9d5a-4b683612b665',''),('4e863801-dca2-4c5c-a87f-9f678d526fd5','31f8cefe-f728-4265-b41c-5d8be8162bd8','RK2017-12-14-001','2017-12-15 10:52:08',10,4,'717b1f7f-b270-4d88-85e4-8a5f214c5a4d',1,'2017-12-14 10:41:13','50410892-ce1f-4605-a753-e223ac76e61f',''),('758cb0f2-49e0-4eaa-8f00-7f0a5fd3dc2c','7a2c057b-a781-4af7-b992-94a3587c9228','RK2017-12-15004','2017-12-15 18:46:28',10,4,'717b1f7f-b270-4d88-85e4-8a5f214c5a4d',1,'2017-12-15 18:46:08','338e6179-a848-42cf-9d5a-4b683612b665',''),('84614369-c26e-46da-93d7-e9f1a94f41bc','705555de-9b24-4684-a5d2-d8eb2dfaa7ab','RK2017-12-15002','2017-12-15 10:57:28',10,4,'717b1f7f-b270-4d88-85e4-8a5f214c5a4d',1,'2017-12-15 10:56:59','338e6179-a848-42cf-9d5a-4b683612b665',''),('cd2b877c-1454-4486-9166-53df8dc72bde','1f4a6328-0d4b-4dd6-a5d9-c0ba9e43630b','RK2017-12-16-001','2017-12-16 09:05:20',20,4,'717b1f7f-b270-4d88-85e4-8a5f214c5a4d',1,'2017-12-16 09:04:57','338e6179-a848-42cf-9d5a-4b683612b665',''),('d4664ae9-23d1-44fa-91e6-27f76689aa61','b5b69afb-9bd9-407e-8513-4a134bf33cf4','RK2017-12-14002','2017-12-14 11:14:26',500,5,'50410892-ce1f-4605-a753-e223ac76e61f',1,'2017-12-14 11:03:41','50410892-ce1f-4605-a753-e223ac76e61f',''),('e0e098d2-75bf-4fbc-b6a0-fb36fd37d372','d779805d-cfc1-495c-aaa6-64cb48c0d008','RK2017-12-14003','2017-12-14 14:26:50',168,4,'50410892-ce1f-4605-a753-e223ac76e61f',1,'2017-12-14 14:23:10','50410892-ce1f-4605-a753-e223ac76e61f',''),('fad2c232-d1c6-4c5e-ad37-8dae69c9ddc8','b55f9818-f287-4af4-adc7-e972e38ac5ef','RK2017-12-15-001','2017-12-15 10:57:30',1,4,'717b1f7f-b270-4d88-85e4-8a5f214c5a4d',1,'2017-12-15 10:56:50','338e6179-a848-42cf-9d5a-4b683612b665',''),('fe175cbf-3ae4-402e-ab1c-fbc3fbc25397','64912f6e-fd0f-428c-a78f-0eb985bbb791','RK2017-12-14004','2017-12-14 19:58:12',100,4,'717b1f7f-b270-4d88-85e4-8a5f214c5a4d',1,'2017-12-14 19:55:18','338e6179-a848-42cf-9d5a-4b683612b665','123');

/*Table structure for table `erp_pact` */

DROP TABLE IF EXISTS `erp_pact`;

CREATE TABLE `erp_pact` (
  `PACT_ID` varchar(200) NOT NULL,
  `PUR_DET_ID` varchar(100) DEFAULT NULL,
  `APPLY_ID` varchar(200) DEFAULT NULL,
  `PATYPE_ID` varchar(100) DEFAULT NULL,
  `PACT_TITLE` varchar(200) DEFAULT NULL,
  `PACT_NUMBER` varchar(100) DEFAULT NULL,
  `PACT_SIGNTIME` date DEFAULT NULL,
  `PACT_TEXT` varchar(4000) DEFAULT NULL,
  `PARTA_NAME` varchar(200) DEFAULT NULL,
  `PARTB_NAME` varchar(200) DEFAULT NULL,
  `PACT_ENDTIME` varchar(10) DEFAULT NULL,
  `PACT_ISVO` varchar(100) DEFAULT NULL,
  `ISVA` int(11) DEFAULT NULL,
  `CREATER` varchar(100) DEFAULT NULL,
  `CREATETIME` varchar(40) DEFAULT NULL,
  `REMARK` varchar(300) DEFAULT NULL,
  PRIMARY KEY (`PACT_ID`)
) ENGINE=InnoDB DEFAULT CHARSET=utf8;

/*Data for the table `erp_pact` */

insert  into `erp_pact`(`PACT_ID`,`PUR_DET_ID`,`APPLY_ID`,`PATYPE_ID`,`PACT_TITLE`,`PACT_NUMBER`,`PACT_SIGNTIME`,`PACT_TEXT`,`PARTA_NAME`,`PARTB_NAME`,`PACT_ENDTIME`,`PACT_ISVO`,`ISVA`,`CREATER`,`CREATETIME`,`REMARK`) values ('1',NULL,NULL,NULL,'1,1','LX2017-11-29-001',NULL,'根据《中华人民共和国药品管理法》、《2008年广东省医疗机构药品阳光采购实施方案》、《广东省医疗机构药品网上限价竞价阳光采购监督管理暂行办法》的规定，为确保药品网上交易的顺利进行，明确交易双方的权利和义务，特订立本合同。',NULL,NULL,NULL,NULL,1,NULL,'2017-11-29',NULL);

/*Table structure for table `erp_pact_type` */

DROP TABLE IF EXISTS `erp_pact_type`;

CREATE TABLE `erp_pact_type` (
  `PATYPE_ID` varchar(100) NOT NULL,
  `PATYPE_SREIAL` varchar(100) DEFAULT NULL,
  `PATYPE_NAME` varchar(40) DEFAULT NULL,
  `REMARK` varchar(1000) DEFAULT NULL,
  `CRATENR` varchar(100) DEFAULT NULL,
  `CREATER` varchar(40) DEFAULT NULL,
  `ISVA` int(11) DEFAULT '1',
  PRIMARY KEY (`PATYPE_ID`)
) ENGINE=InnoDB DEFAULT CHARSET=utf8;

/*Data for the table `erp_pact_type` */

insert  into `erp_pact_type`(`PATYPE_ID`,`PATYPE_SREIAL`,`PATYPE_NAME`,`REMARK`,`CRATENR`,`CREATER`,`ISVA`) values ('10231124152','LX2017-11-29-001','合同类型名称','1','1','2017-11-29',1),('11deb325d4a011e79d68de0b9df2e39d','LX2017-11-29-001','发生的','8','8','2017-11-29',1),('a852b387d4a111e79d68de0b9df2e39d','LX2017-11-29-001','2','2','2','2017-11-29',1);

/*Table structure for table `erp_pay` */

DROP TABLE IF EXISTS `erp_pay`;

CREATE TABLE `erp_pay` (
  `PAY_ID` varchar(100) NOT NULL,
  `KINORD_ID` varchar(100) DEFAULT NULL,
  `FINANCE_ID` varchar(100) DEFAULT NULL,
  `PAY_SERIAL` varchar(100) DEFAULT NULL,
  `PAY_ADD` varchar(40) DEFAULT NULL,
  `PAY_NAME` varchar(100) DEFAULT NULL,
  `PAY_NUM` decimal(8,2) DEFAULT NULL,
  `ISVA` int(11) DEFAULT NULL,
  `CREATETIME` varchar(40) DEFAULT NULL,
  `CREATEER` varchar(100) DEFAULT NULL,
  PRIMARY KEY (`PAY_ID`)
) ENGINE=InnoDB DEFAULT CHARSET=utf8;

/*Data for the table `erp_pay` */

insert  into `erp_pay`(`PAY_ID`,`KINORD_ID`,`FINANCE_ID`,`PAY_SERIAL`,`PAY_ADD`,`PAY_NAME`,`PAY_NUM`,`ISVA`,`CREATETIME`,`CREATEER`) values ('0d4f3b08-a041-4159-9144-f17ad8aa42dc','3939aeec-b9dc-4a60-aeb8-2c862b8e7d76','c7783f61-cf52-11e7-8aad-9450d22f72ad','02125f6c-3017-4922-bf98-3b9ceab67cbc','2017-12-14 11:03:33','杨永信','13000.00',1,'2017-12-14 11:03:33',NULL),('11d4f80f-7e5c-43be-a2b0-a07fe7fac176','3939aeec-b9dc-4a60-aeb8-2c862b8e7d76','c7783f61-cf52-11e7-8aad-9450d22f72ad','adcbb7c8-c34c-467d-983d-c7bcded1bf89','2017-12-14 10:11:17','杨永信','20.00',1,'2017-12-14 10:11:17',NULL),('14b35c2c-960b-4046-b71e-a6074f10716b','b55f9818-f287-4af4-adc7-e972e38ac5ef','c7783f61-cf52-11e7-8aad-9450d22f72ad','2017-12-15 10:55:20','2017-12-15 10:55:20','肖福','26.00',1,'2017-12-15 10:55:20',NULL),('3ab31ac0-750f-4e66-b97f-c0d526215a6c','3939aeec-b9dc-4a60-aeb8-2c862b8e7d76','c7783f61-cf52-11e7-8aad-9450d22f72ad','d0451775-8282-4159-91d9-75a15d61e819','2017-12-14 10:40:46','杨永信','200.00',1,'2017-12-14 10:40:46',NULL),('409df285-d454-46fe-8cf5-0646fb85e873','3939aeec-b9dc-4a60-aeb8-2c862b8e7d76','c7783f61-cf52-11e7-8aad-9450d22f72ad','f8b3dad7-ebda-4278-b145-3203e97e9261','2017-12-14 10:45:56','杨永信','700.00',1,'2017-12-14 10:45:56',NULL),('45081004-9138-435b-97de-f47a7550f2fd','705555de-9b24-4684-a5d2-d8eb2dfaa7ab','c7783f61-cf52-11e7-8aad-9450d22f72ad','2017-12-15 10:51:46','2017-12-15 10:51:46','肖福','100.00',1,'2017-12-15 10:51:46',NULL),('62376792-6b45-400f-b9a7-381f0386113a','3939aeec-b9dc-4a60-aeb8-2c862b8e7d76','c7783f61-cf52-11e7-8aad-9450d22f72ad','488217ea-e7b3-47b7-9edc-b0b1ea85c42b','2017-12-14 10:23:10','杨永信','100.00',1,'2017-12-14 10:23:10',NULL),('62ea6186-52ba-4503-ada4-dfd174258c1e','1f4a6328-0d4b-4dd6-a5d9-c0ba9e43630b','c7783f61-cf52-11e7-8aad-9450d22f72ad','2017-12-16 09:04:52','2017-12-16 09:04:52','肖福','360.00',1,'2017-12-16 09:04:52',NULL),('70291529-e876-4999-af3a-c4d911f48630','7a2c057b-a781-4af7-b992-94a3587c9228','c7783f61-cf52-11e7-8aad-9450d22f72ad','2017-12-15 18:46:01','2017-12-15 18:46:01','肖福','260.00',1,'2017-12-15 18:46:01',NULL),('918b5fe8-9692-4418-b91f-06c88a6204c5','3939aeec-b9dc-4a60-aeb8-2c862b8e7d76','c7783f61-cf52-11e7-8aad-9450d22f72ad','414c23e3-dfc9-4e43-b78e-23df8843cfa7','2017-12-14 10:13:34','杨永信','1000.00',1,'2017-12-14 10:13:34',NULL),('a238950b-8bd2-45ec-a60f-7f200854e2ce','9b7144a2-1782-4c4e-9249-5e8379692294','c7783f61-cf52-11e7-8aad-9450d22f72ad','2017-12-15 14:47:24','2017-12-15 14:47:24','肖福','100.00',1,'2017-12-15 14:47:24',NULL),('e3a00476-91dc-47e3-b97b-6818bfc94ed2','64912f6e-fd0f-428c-a78f-0eb985bbb791','c7783f61-cf52-11e7-8aad-9450d22f72ad','2017-12-14 19:53:27','2017-12-14 19:53:27','肖福','1000.00',1,'2017-12-14 19:53:27',NULL),('f3228741-896e-4869-8aeb-fc91a6f17abd','3939aeec-b9dc-4a60-aeb8-2c862b8e7d76','c7783f61-cf52-11e7-8aad-9450d22f72ad','96959124-199a-425d-b623-d24f406af81c','2017-12-14 14:21:11','杨永信','3472.00',1,'2017-12-14 14:21:11',NULL);

/*Table structure for table `erp_personel_role` */

DROP TABLE IF EXISTS `erp_personel_role`;

CREATE TABLE `erp_personel_role` (
  `PER_ROLE_ID` varchar(100) NOT NULL,
  `ROLE_ID` varchar(100) DEFAULT NULL,
  `sta_id` varchar(100) DEFAULT NULL,
  PRIMARY KEY (`PER_ROLE_ID`)
) ENGINE=InnoDB DEFAULT CHARSET=utf8;

/*Data for the table `erp_personel_role` */

insert  into `erp_personel_role`(`PER_ROLE_ID`,`ROLE_ID`,`sta_id`) values ('2cb85ec8-318b-4bb3-942a-7f30e88edc20','a0a24d2f-e245-44ba-8de4-8045f8f52b15','3667fd3f-bad6-4f0f-b224-7ea5ec9e2f1b'),('2f29e534-2f1b-4b6e-a875-533dff0d4359','1','594fa9fd-8ca8-49e8-b6e7-51752b7f0c69'),('35bfe140-0282-4176-b019-335c6f77aeaf','d4ce88f9-d2f6-43e6-a76b-d5e507249513','59293460-757f-4e01-b8ed-22333e1721f7'),('3e7d26c2-71ee-4563-b614-664c5429173a','4eed2485-f730-4a03-be5e-e2e2a2d93c18','717b1f7f-b270-4d88-85e4-8a5f214c5a4d'),('4bba7072-1cbf-4384-aa9a-1e6b306ceded','d11008a1-704f-4b0c-a6bb-6e036231273b','29191ac6-baf4-4fae-8e7b-af50a47aea1d'),('4f826174-5086-41bd-a060-fd73802193af','397fcc8d-b411-4b1a-b6d1-8dc2a699137f','c84d5119-e054-4a20-a228-8967189a8344'),('599c6a1c-8a66-4092-b218-1494f4e60a57','344b4dec-b0c4-40c8-947d-dd2315c85e88','39a34416-e16a-40ec-bd12-b3fa68028b20'),('6744986f-4956-4375-823f-ffdd6cbf2d55','98dd21d2-e44b-4431-83d1-915ff86959f4','d3afb3ca-c92f-468e-a41d-277ddb219e6a'),('6a2bdb34-3760-49b3-9ede-38ea349c4bc9','ef7790c4-efec-47c6-86ed-cd39537f32a1','ca229fbb-4c71-493b-905b-db7e6b3feded'),('713abbb5-6a85-4f67-ba93-3903145ff16f','0ca45d70-2eee-41f1-a823-ca2fbb151cd9','de3fef83-5950-484c-a579-9ddb4d8cc66f'),('827157a9-cea6-49b6-8443-796ac29e44a5','2c55e56e-0651-4447-aa0e-07c03e781ba0','c09a7241-136e-4e55-8708-7ab4436179a8'),('8d74e2d8-0cf6-4330-b1dc-04bdb8bd9dfd','1','f95edf51-522b-4199-9e95-081c9eb26d62'),('953ee08b-45a0-4afa-8c63-fb49b3594a27','ad12f5eb-4db6-44e6-8f8b-87bc94269bc3','67d558a0-b134-4986-ae4b-483fa4d76a5e'),('ab2eecbd-b167-476a-b440-8337ff0acb1b','ef7790c4-efec-47c6-86ed-cd39537f32a1','d89f2856-6d4f-45e8-888d-126d9772b7e1'),('b76d2ec0-8413-4177-962f-99f327770be4','50354f64-1312-4ca0-b2fe-bd3e89b738d0','07ee2fab-3e42-4dae-96b3-04706c5ef9e0'),('c9cfdbaf-29bb-4eb0-87f7-c1e86e09e115','dd4d366e-3664-438a-8780-64ec0c87f081','c831dc49-1b25-4e94-b306-d3f224285efd'),('d82cc254-e397-4034-ba84-ac90b0b299aa','1','50410892-ce1f-4605-a753-e223ac76e61f'),('d906acb3-0377-4122-a3c5-69c8de40469a','7aac09de-f5aa-4f1d-b96d-d867936957ce','338e6179-a848-42cf-9d5a-4b683612b665'),('e0b91f73-f9cf-4c20-bb97-be3ad69dc383','1','ce4d492f-bc7b-44c5-9188-ad005f8e33bc'),('f2291aee-6f87-43b8-bc71-aa6d8ab12eec','2c55e56e-0651-4447-aa0e-07c03e781ba0','b70ad3a9-d9eb-4a17-9c16-00a43e058c3a');

/*Table structure for table `erp_proindent` */

DROP TABLE IF EXISTS `erp_proindent`;

CREATE TABLE `erp_proindent` (
  `INDENT_ID` varchar(200) NOT NULL,
  `INDENT_NUMBER` varchar(100) DEFAULT NULL,
  `INDENT_MONEY` decimal(10,2) DEFAULT NULL,
  `INDENT_COUNT` int(11) DEFAULT NULL,
  `INDENT_urgency` varchar(2) DEFAULT NULL,
  `INDENT_EMETIME` varchar(20) DEFAULT NULL,
  `INDENT_WORKTIME` varchar(30) DEFAULT NULL,
  `INDENT_ENDTIME` varchar(20) DEFAULT NULL,
  `STATE` int(11) DEFAULT NULL,
  `ISVA` varchar(2) DEFAULT NULL,
  `INDENT_STATE` varchar(2) DEFAULT NULL,
  `REMARK` varchar(200) DEFAULT NULL,
  `CREATETIME` varchar(40) DEFAULT NULL,
  `CREATER` varchar(100) DEFAULT NULL,
  PRIMARY KEY (`INDENT_ID`)
) ENGINE=InnoDB DEFAULT CHARSET=utf8;

/*Data for the table `erp_proindent` */

insert  into `erp_proindent`(`INDENT_ID`,`INDENT_NUMBER`,`INDENT_MONEY`,`INDENT_COUNT`,`INDENT_urgency`,`INDENT_EMETIME`,`INDENT_WORKTIME`,`INDENT_ENDTIME`,`STATE`,`ISVA`,`INDENT_STATE`,`REMARK`,`CREATETIME`,`CREATER`) values ('1da679ace07a11e7ba7451330ca20948','D-2017-12-14-8ve9','26000.00',1000,'1','2017-12-14 10:54:39','1月','2017-12-22',2,'1','3','',NULL,NULL),('1f44a0a2ca6a11e79e6894e3b7ea6e68','D-2017-11-16-7wpc','1350.00',100,'1','2017-11-16 09:04:39','1月','2017-11-22',0,'4','3',NULL,NULL,NULL),('3db931a2e09511e7ba7451330ca20948','D-2017-12-14-x6rv','3600.00',200,'1','2017-12-14 14:08:50','1月','2017-12-30',2,'1','3','尽快',NULL,NULL),('40cd9f99dff811e7ba7451330ca20948','D-2017-12-13-cm8q','50.00',5,'1','2017-12-13 19:24:59','1月','2017-12-15',5,'1','3','股几乎不能',NULL,NULL),('58a759f7e18311e7aa3a101e67a91c8d','D-2017-12-15-t8gv','2600.00',100,'1','2017-12-15 18:33:09','1月','2017-12-15',2,'1','5','',NULL,NULL),('a50e74ece14011e7aa3a101e67a91c8d','D-2017-12-15-govm','360.00',20,'1','2017-12-15 10:35:42','1月','2019-01-15',2,'1','3','321',NULL,NULL),('aeb14667e07711e7ba7451330ca20948','D-2017-12-14-455f','100.00',10,'1','2017-12-14 10:37:14','1月','2020-01-17',2,'1','3','26',NULL,NULL),('b7fceefde15e11e7aa3a101e67a91c8d','D-2017-12-15-0770','360.00',20,'1','2017-12-15 14:10:58','1年','2019-12-07',2,'1','3','',NULL,NULL),('bece7a0ad56a11e78c359a2b069e0643','D-2017-11-30-9rkp','67.50',5,'1','2017-11-30 09:06:50','5天','2017-12-14',2,'1','3','2017年11月30日09:06:44 注.',NULL,NULL),('c2fb5406e0bd11e7917cab35057a5746','D-2017-12-14-bgdc','3600.00',200,'1','2017-12-14 18:58:48','1月','2019-01-14',2,'1','3','',NULL,NULL),('c3c87426e1fb11e7bd995d65e13a7fcf','D-2017-12-16-bzz0','3600.00',200,'1','2017-12-16 08:55:09','1月','2018-12-16',2,'1','5','123',NULL,NULL),('f04e448ce18211e7aa3a101e67a91c8d','D-2017-12-15-pof7','760.00',60,'1','2017-12-15 18:30:14','1月','2018-12-15',2,'1','1','123',NULL,NULL),('f2ec0d59d70c11e7ba1e4da3487fa4bb','D-2017-12-02-uufv','1431.00',106,'1','2017-12-02 11:00:27','47','2017-12-21',1,'1','4','流量',NULL,NULL);

/*Table structure for table `erp_proindent_detail` */

DROP TABLE IF EXISTS `erp_proindent_detail`;

CREATE TABLE `erp_proindent_detail` (
  `ENTDE_ID` varchar(100) NOT NULL,
  `KIN_ID` varchar(100) DEFAULT NULL,
  `INDENT_ID` varchar(200) DEFAULT NULL,
  `ENTDE_NUM` int(11) DEFAULT NULL,
  `NUM` int(11) DEFAULT NULL,
  `ENTDE_PRICE` decimal(10,4) DEFAULT NULL,
  `CREATER` varchar(100) DEFAULT NULL,
  `CREATETIME` varchar(40) DEFAULT NULL,
  `REMARK` varchar(300) DEFAULT NULL,
  `ISVA` varchar(2) DEFAULT NULL,
  PRIMARY KEY (`ENTDE_ID`)
) ENGINE=InnoDB DEFAULT CHARSET=utf8;

/*Data for the table `erp_proindent_detail` */

insert  into `erp_proindent_detail`(`ENTDE_ID`,`KIN_ID`,`INDENT_ID`,`ENTDE_NUM`,`NUM`,`ENTDE_PRICE`,`CREATER`,`CREATETIME`,`REMARK`,`ISVA`) values ('1da7131ce07a11e7ba7451330ca20948','e16ff99a-e079-11e7-ba74-51330ca20948','1da679ace07a11e7ba7451330ca20948',1000,1000,'26000.0000',NULL,NULL,'','1'),('3dba2bf2e09511e7ba7451330ca20948','7c2d4fa5-ca69-11e7-9e68-94e3b7ea6e68','3db931a2e09511e7ba7451330ca20948',100,100,'1000.0000',NULL,NULL,'å°½å¿«','1'),('3dbb5df1e09511e7ba7451330ca20948','e16ff99a-e079-11e7-ba74-51330ca20948','3db931a2e09511e7ba7451330ca20948',100,100,'2600.0000',NULL,NULL,'å°½å¿«','1'),('40ce1e5edff811e7ba7451330ca20948','7c2d4fa5-ca69-11e7-9e68-94e3b7ea6e68','40cd9f99dff811e7ba7451330ca20948',5,5,'50.0000',NULL,NULL,'','1'),('58a84764e18311e7aa3a101e67a91c8d','e16ff99a-e079-11e7-ba74-51330ca20948','58a759f7e18311e7aa3a101e67a91c8d',100,100,'2600.0000',NULL,NULL,'','1'),('a50fb200e14011e7aa3a101e67a91c8d','7c2d4fa5-ca69-11e7-9e68-94e3b7ea6e68','a50e74ece14011e7aa3a101e67a91c8d',10,10,'100.0000',NULL,NULL,'321','1'),('a5106a9ee14011e7aa3a101e67a91c8d','e16ff99a-e079-11e7-ba74-51330ca20948','a50e74ece14011e7aa3a101e67a91c8d',10,10,'260.0000',NULL,NULL,'321','1'),('aeb360fee07711e7ba7451330ca20948','7c2d4fa5-ca69-11e7-9e68-94e3b7ea6e68','aeb14667e07711e7ba7451330ca20948',10,10,'100.0000',NULL,NULL,'26','1'),('b7fe9b59e15e11e7aa3a101e67a91c8d','7c2d4fa5-ca69-11e7-9e68-94e3b7ea6e68','b7fceefde15e11e7aa3a101e67a91c8d',10,10,'100.0000',NULL,NULL,'','1'),('b7ff5084e15e11e7aa3a101e67a91c8d','e16ff99a-e079-11e7-ba74-51330ca20948','b7fceefde15e11e7aa3a101e67a91c8d',10,10,'260.0000',NULL,NULL,'','1'),('becf9984d56a11e78c359a2b069e0643','9bb17104-ca69-11e7-9e68-94e3b7ea6e68','bece7a0ad56a11e78c359a2b069e0643',5,5,'67.5000',NULL,NULL,'2017å¹´11æ30æ¥09:06:44 æ³¨.','1'),('c2fcce16e0bd11e7917cab35057a5746','e16ff99a-e079-11e7-ba74-51330ca20948','c2fb5406e0bd11e7917cab35057a5746',100,100,'2600.0000',NULL,NULL,'','1'),('c2fdb082e0bd11e7917cab35057a5746','7c2d4fa5-ca69-11e7-9e68-94e3b7ea6e68','c2fb5406e0bd11e7917cab35057a5746',100,100,'1000.0000',NULL,NULL,'','1'),('c3ca697ce1fb11e7bd995d65e13a7fcf','7c2d4fa5-ca69-11e7-9e68-94e3b7ea6e68','c3c87426e1fb11e7bd995d65e13a7fcf',100,100,'1000.0000',NULL,NULL,'123','1'),('c3cbb385e1fb11e7bd995d65e13a7fcf','e16ff99a-e079-11e7-ba74-51330ca20948','c3c87426e1fb11e7bd995d65e13a7fcf',100,100,'2600.0000',NULL,NULL,'123','1'),('f0501cd1e18211e7aa3a101e67a91c8d','7c2d4fa5-ca69-11e7-9e68-94e3b7ea6e68','f04e448ce18211e7aa3a101e67a91c8d',50,0,'500.0000',NULL,NULL,'123','1'),('f0510f0de18211e7aa3a101e67a91c8d','e16ff99a-e079-11e7-ba74-51330ca20948','f04e448ce18211e7aa3a101e67a91c8d',10,0,'260.0000',NULL,NULL,'123','1'),('f2f82780d70c11e7ba1e4da3487fa4bb','9bb17104-ca69-11e7-9e68-94e3b7ea6e68','f2ec0d59d70c11e7ba1e4da3487fa4bb',98,0,'1323.0000',NULL,NULL,'æµé','1'),('f2f8fce7d70c11e7ba1e4da3487fa4bb','9bb17104-ca69-11e7-9e68-94e3b7ea6e68','f2ec0d59d70c11e7ba1e4da3487fa4bb',8,0,'108.0000',NULL,NULL,'æµé','1');

/*Table structure for table `erp_prolistmxsmall` */

DROP TABLE IF EXISTS `erp_prolistmxsmall`;

CREATE TABLE `erp_prolistmxsmall` (
  `FDPROLISTMX_ID` varchar(200) NOT NULL,
  `FDPRO_ID` varchar(100) DEFAULT NULL,
  `KIN_ID` varchar(100) DEFAULT NULL,
  `FDPROLISTMX_NUMBER` varchar(100) DEFAULT NULL,
  `FDPROLISTMX_MONEY` decimal(10,2) DEFAULT NULL,
  `FDPROLISTMX_COUNT` int(11) DEFAULT NULL,
  `FDPROLISTMX_TIME` varchar(100) DEFAULT NULL,
  `ISVA` int(11) DEFAULT NULL,
  `REMARK` varchar(100) DEFAULT NULL,
  PRIMARY KEY (`FDPROLISTMX_ID`)
) ENGINE=InnoDB DEFAULT CHARSET=utf8;

/*Data for the table `erp_prolistmxsmall` */

insert  into `erp_prolistmxsmall`(`FDPROLISTMX_ID`,`FDPRO_ID`,`KIN_ID`,`FDPROLISTMX_NUMBER`,`FDPROLISTMX_MONEY`,`FDPROLISTMX_COUNT`,`FDPROLISTMX_TIME`,`ISVA`,`REMARK`) values ('1cdb4019-bc9e-47e0-a8dd-bc26619ec674','31f8cefe-f728-4265-b41c-5d8be8162bd8','7c2d4fa5-ca69-11e7-9e68-94e3b7ea6e68','2017-12-1488','100.00',10,'2017-12-14 10:23:03',1,NULL),('2a47d77d-a71c-4f2e-b597-4a121a0416e6','3939aeec-b9dc-4a60-aeb8-2c862b8e7d76','7c2d4fa5-ca69-11e7-9e68-94e3b7ea6e68','2017-12-14 10:13:2862','1000.00',100,'2017-12-14 10:13:28',1,NULL),('34db1b09-e778-40b5-9143-e2db554af0f7','b55f9818-f287-4af4-adc7-e972e38ac5ef','e16ff99a-e079-11e7-ba74-51330ca20948','2017-12-150','26.00',1,'2017-12-15 10:55:02',1,NULL),('3b7dd6e4-f21d-4a79-9a11-6a4c99eed477','d779805d-cfc1-495c-aaa6-64cb48c0d008','e16ff99a-e079-11e7-ba74-51330ca20948','2017-12-1490','2912.00',112,'2017-12-14 14:20:35',1,NULL),('503c95f2-4135-41f6-933e-ef3855a16d41','9b7144a2-1782-4c4e-9249-5e8379692294','7c2d4fa5-ca69-11e7-9e68-94e3b7ea6e68','2017-12-1561','100.00',10,'2017-12-15 14:47:00',1,NULL),('78e97b2f-becb-474a-aa3b-5e918e38cf2f','d5995599-6098-47f0-89b0-193d1a77dfb4','7c2d4fa5-ca69-11e7-9e68-94e3b7ea6e68','2017-12-1417','700.00',70,'2017-12-14',1,NULL),('7cc5fa67-362b-4a28-a88b-792b606f8930','64912f6e-fd0f-428c-a78f-0eb985bbb791','7c2d4fa5-ca69-11e7-9e68-94e3b7ea6e68','2017-12-1440','1000.00',100,'2017-12-14 19:48:33',1,NULL),('90b5bb0c-4718-4e83-a297-16070ee6a685','7a2c057b-a781-4af7-b992-94a3587c9228','e16ff99a-e079-11e7-ba74-51330ca20948','2017-12-1557','260.00',10,'2017-12-15 18:45:36',1,NULL),('9acb64b1-500f-4740-91be-8d0830748269','7fd40f25-35ee-4059-91df-a8abf4380e81','7c2d4fa5-ca69-11e7-9e68-94e3b7ea6e68','2017-12-14 10:09:5814','20.00',2,'2017-12-14 10:09:58',1,NULL),('b5776a5a-85d1-4a27-8f6b-72cbbd97e4f5','705555de-9b24-4684-a5d2-d8eb2dfaa7ab','7c2d4fa5-ca69-11e7-9e68-94e3b7ea6e68','2017-12-1580','100.00',10,'2017-12-15 10:51:20',1,NULL),('b6d76459-e1fb-4998-bff5-60cb007c6ee5','ca92e5ea-0f09-45ff-b5dc-41a4fbab38db','7c2d4fa5-ca69-11e7-9e68-94e3b7ea6e68','2017-12-1453','200.00',20,'2017-12-14 10:40:33',1,NULL),('bdc38e15-c714-47c2-8970-c8f391b97e4a','d779805d-cfc1-495c-aaa6-64cb48c0d008','7c2d4fa5-ca69-11e7-9e68-94e3b7ea6e68','2017-12-1456','560.00',56,'2017-12-14 14:20:35',1,NULL),('d2b48f4b-860a-4d89-9da2-74fe130c6e29','b5b69afb-9bd9-407e-8513-4a134bf33cf4','e16ff99a-e079-11e7-ba74-51330ca20948','2017-12-148','13000.00',500,'2017-12-14 11:03:16',1,NULL),('d48f7079-41b2-4bfc-8859-9641345a0deb','1f4a6328-0d4b-4dd6-a5d9-c0ba9e43630b','e16ff99a-e079-11e7-ba74-51330ca20948','2017-12-1619','260.00',10,'2017-12-16 09:04:32',1,NULL),('f5dd75c8-9273-44b5-9542-5bbcfe6517ca','1f4a6328-0d4b-4dd6-a5d9-c0ba9e43630b','7c2d4fa5-ca69-11e7-9e68-94e3b7ea6e68','2017-12-1652','100.00',10,'2017-12-16 09:04:32',1,NULL);

/*Table structure for table `erp_purchase` */

DROP TABLE IF EXISTS `erp_purchase`;

CREATE TABLE `erp_purchase` (
  `PURC_ID` varchar(100) NOT NULL,
  `PURC_SERIAL` varchar(100) DEFAULT NULL,
  `PURC_TITLE` varchar(40) DEFAULT NULL,
  `PURC_NAME` varchar(20) DEFAULT NULL,
  `STATE` int(11) DEFAULT NULL,
  `PURC_TIME` varchar(20) DEFAULT NULL,
  `CREATER` varchar(100) DEFAULT NULL,
  `CREATETIME` varchar(40) DEFAULT NULL,
  `ISVA` int(11) DEFAULT NULL,
  `PURC_TOTAL_PRICE` int(11) DEFAULT NULL COMMENT '总价格',
  PRIMARY KEY (`PURC_ID`)
) ENGINE=InnoDB DEFAULT CHARSET=utf8 COMMENT='采购订单表';

/*Data for the table `erp_purchase` */

insert  into `erp_purchase`(`PURC_ID`,`PURC_SERIAL`,`PURC_TITLE`,`PURC_NAME`,`STATE`,`PURC_TIME`,`CREATER`,`CREATETIME`,`ISVA`,`PURC_TOTAL_PRICE`) values ('04574fa5e16311e7aa3a101e67a91c8d','CG-20171215144144xxmbkvxt6g','采购','杨永信',4,'2017-12-15 14:41:44','1','2017-12-15 14:41:44',1,219),('10d6d21be00211e7ba7451330ca20948','CG-20171213203541h26egqtiex','采购测试7','杨永信',1,'2017-12-13 20:35:41','1','2017-12-13 20:35:41',0,66),('12e34c9fe14111e7aa3a101e67a91c8d','CG-20171215103846s9qq96p4sx','采购','杨建明',4,'2017-12-15 10:38:46','1','2017-12-15 10:38:46',1,3390),('1576d510e00111e7ba7451330ca20948','CG-20171213202840waa67h0gcd','采购测试8','杨永信',1,'2017-12-13 20:28:40','1','2017-12-13 20:28:40',1,495),('1b86f3bce1fc11e7bd995d65e13a7fcf','CG-201712160857366ss6arduz0','采购','杨建明',4,'2017-12-16 08:57:36','1','2017-12-16 08:57:36',1,33900),('222a2c7ce00111e7ba7451330ca20948','CG-20171213202901qr2j8jy7ye','采购测试7','杨永信',1,'2017-12-13 20:29:01','1','2017-12-13 20:29:01',0,289),('222e3373dffb11e7ba7451330ca20948','CG-20171213194536b9oj3hmax5','采购测试3','杨永信',5,'2017-12-13 19:45:36','1','2017-12-13 19:45:36',1,1200),('25c8ba55e09311e7ba7451330ca20948','CG-20171214135351hb05ogv6pk','采购','杨建明',4,'2017-12-14 13:53:51','1','2017-12-14 13:53:51',1,5028),('461b001de00211e7ba7451330ca20948','CG-20171213203711voqhio4cr5','采购测试7','杨永信',1,'2017-12-13 20:37:11','1','2017-12-13 20:37:11',0,22),('4a665289dffd11e7ba7451330ca20948','CG-2017121320010250gmsb5qa0','采购测试6','杨永信',5,'2017-12-13 20:01:02','1','2017-12-13 20:01:02',1,6780),('54561346e07011e7ba7451330ca20948','CG-201712140944366g9bk9o3of','采购测试11','杨永信',4,'2017-12-14 09:44:36','1','2017-12-14 09:44:36',1,25),('5a1a6fb3e0c011e7917cab35057a5746','CG-20171214191720mg7efcu7qo','采购','杨建明',4,'2017-12-14 19:17:20','1','2017-12-14 19:17:20',1,3390),('7e22c842e07a11e7ba7451330ca20948','CG-20171214105721gocu0x59s8','采购氨基酸','杨永信',4,'2017-12-14 10:57:21','1','2017-12-14 10:57:21',1,43800),('811b138ee00311e7ba7451330ca20948','CG-20171213204559cyqw4pjtpf','采购测试9','杨永信',1,'2017-12-13 20:45:59','1','2017-12-13 20:45:59',1,70),('88633dd0e07611e7ba7451330ca20948','CG-20171214102930sby05552se','修改测试','杨永信',0,'2017-12-14 10:29:30','2','2017-12-14 10:29:30',1,10),('8ac52772e00311e7ba7451330ca20948','CG-20171213204615xxwxqhpjv4','采购测试9','杨永信',0,'2017-12-13 20:46:15','1','2017-12-13 20:46:15',1,16),('93015246e16011e7aa3a101e67a91c8d','CG-20171215142415otu66jzpk6','采购','杨建明',4,'2017-12-15 14:24:15','1','2017-12-15 14:24:15',1,33900),('956fa98ae06711e7ba7451330ca20948','CG-201712140842296bhu0kovxa','采购测试2','杨永信',1,'2017-12-14 08:42:29','2','2017-12-14 08:42:29',1,392),('9cd4a7b4dff911e7ba7451330ca20948','CG-20171213193511abvosn5tx2','采购测试2','杨永信',0,'2017-12-13 19:35:11','1','2017-12-13 19:35:11',1,52),('a03171a1e00311e7ba7451330ca20948','CG-20171213204651wnfcwcvw0y','采购测试10','杨永信',3,'2017-12-13 20:46:51','1','2017-12-13 20:46:51',1,22),('ae95acbadffd11e7ba7451330ca20948','CG-20171213200418pdj6yfwedy','采购测试7','杨永信',1,'2017-12-13 20:04:18','1','2017-12-13 20:04:18',1,57),('b0e67f0de18311e7aa3a101e67a91c8d','CG-20171215183537yznn5y2yi0','采购','杨建明',4,'2017-12-15 18:35:37','1','2017-12-15 18:35:37',1,33900),('ba8250a6e00311e7ba7451330ca20948','CG-2017121320473666s9v2efs5','采购测试1','杨永信',1,'2017-12-13 20:47:36','2','2017-12-13 20:47:36',1,321),('ccee8df1dffc11e7ba7451330ca20948','CG-2017121319573254vt2di2vw','采购测试5','杨永信',5,'2017-12-13 19:57:32','1','2017-12-13 19:57:32',1,16950),('d2e6675be06711e7ba7451330ca20948','CG-20171214084412p6iuwyhqxf','采购成品测试3','杨永信',1,'2017-12-14 08:44:12','2','2017-12-14 08:44:12',1,125306),('de1173e5dff611e7ba7451330ca20948','CG-20171213191503rygymdhkah','采购测试1','杨永信',5,'2017-12-13 19:15:03','1','2017-12-13 19:15:03',1,758);

/*Table structure for table `erp_purchase_details` */

DROP TABLE IF EXISTS `erp_purchase_details`;

CREATE TABLE `erp_purchase_details` (
  `PUR_DET_ID` varchar(100) NOT NULL,
  `PURC_ID` varchar(100) DEFAULT NULL,
  `RAW_ID` varchar(100) DEFAULT NULL COMMENT '原材料ID',
  `PUR_DET_SERIAL` varchar(100) DEFAULT NULL,
  `PUR_TOTAL_NUMBER` int(100) DEFAULT NULL COMMENT '总数量',
  `PUR_TOTAL_PRICE` decimal(8,2) DEFAULT NULL COMMENT '总价格',
  PRIMARY KEY (`PUR_DET_ID`)
) ENGINE=InnoDB DEFAULT CHARSET=utf8 COMMENT='采购订单里的材料';

/*Data for the table `erp_purchase_details` */

insert  into `erp_purchase_details`(`PUR_DET_ID`,`PURC_ID`,`RAW_ID`,`PUR_DET_SERIAL`,`PUR_TOTAL_NUMBER`,`PUR_TOTAL_PRICE`) values ('02932131e07711e7ba7451330ca20948','0290b40be07711e7ba7451330ca20948','7c2d4fa5-ca69-11e7-9e68-94e3b7ea6e68',NULL,1,'10.00'),('04585ca5e16311e7aa3a101e67a91c8d','04574fa5e16311e7aa3a101e67a91c8d','cd0a117a-a067-4b79-a0c7-d494b3cd4e6c',NULL,10,'219.00'),('10d8fa99e00211e7ba7451330ca20948','10d6d21be00211e7ba7451330ca20948','cd0a117a-a067-4b79-a0c7-d494b3cd4e6c',NULL,1,'21.90'),('10dacf9be00211e7ba7451330ca20948','10d6d21be00211e7ba7451330ca20948','cd0a117a-a067-4b79-a0c7-d494b3cd4e6c',NULL,2,'43.80'),('12e508fce14111e7aa3a101e67a91c8d','12e34c9fe14111e7aa3a101e67a91c8d','5cae76b4-7e6e-4144-9641-8b5ccf61dd1a',NULL,100,'1200.00'),('12e60281e14111e7aa3a101e67a91c8d','12e34c9fe14111e7aa3a101e67a91c8d','cd0a117a-a067-4b79-a0c7-d494b3cd4e6c',NULL,100,'2190.00'),('157a58e9e00111e7ba7451330ca20948','1576d510e00111e7ba7451330ca20948','85890419-ad5a-4766-8168-567fae9b9059',NULL,21,'483.00'),('157c4d66e00111e7ba7451330ca20948','1576d510e00111e7ba7451330ca20948','99bd3a8d-23b3-4142-a854-7a3c003f5d61',NULL,1,'12.30'),('1b3068e6e07311e7ba7451330ca20948','1b2c3529e07311e7ba7451330ca20948','20171213191112uioewrjklsdf',NULL,1,'321.00'),('1b87d7c6e1fc11e7bd995d65e13a7fcf','1b86f3bce1fc11e7bd995d65e13a7fcf','5cae76b4-7e6e-4144-9641-8b5ccf61dd1a',NULL,1000,'12000.00'),('1b891b82e1fc11e7bd995d65e13a7fcf','1b86f3bce1fc11e7bd995d65e13a7fcf','cd0a117a-a067-4b79-a0c7-d494b3cd4e6c',NULL,1000,'21900.00'),('222d8b07e00111e7ba7451330ca20948','222a2c7ce00111e7ba7451330ca20948','99bd3a8d-23b3-4142-a854-7a3c003f5d61',NULL,3,'36.90'),('222f4722dffb11e7ba7451330ca20948','222e3373dffb11e7ba7451330ca20948','5cae76b4-7e6e-4144-9641-8b5ccf61dd1a',NULL,100,'1200.00'),('222f776be00111e7ba7451330ca20948','222a2c7ce00111e7ba7451330ca20948','5cae76b4-7e6e-4144-9641-8b5ccf61dd1a',NULL,21,'252.00'),('25ca401be09311e7ba7451330ca20948','25c8ba55e09311e7ba7451330ca20948','cd0a117a-a067-4b79-a0c7-d494b3cd4e6c',NULL,120,'2628.00'),('25cba7ade09311e7ba7451330ca20948','25c8ba55e09311e7ba7451330ca20948','5cae76b4-7e6e-4144-9641-8b5ccf61dd1a',NULL,200,'2400.00'),('2bcbd376dffb11e7ba7451330ca20948','2bcb1eaadffb11e7ba7451330ca20948','cd0a117a-a067-4b79-a0c7-d494b3cd4e6c',NULL,100,'2190.00'),('461ce7c1e00211e7ba7451330ca20948','461b001de00211e7ba7451330ca20948','cd0a117a-a067-4b79-a0c7-d494b3cd4e6c',NULL,1,'21.90'),('4a66c441dffd11e7ba7451330ca20948','4a665289dffd11e7ba7451330ca20948','5cae76b4-7e6e-4144-9641-8b5ccf61dd1a',NULL,200,'2400.00'),('4a6749a1dffd11e7ba7451330ca20948','4a665289dffd11e7ba7451330ca20948','cd0a117a-a067-4b79-a0c7-d494b3cd4e6c',NULL,200,'4380.00'),('4b834d55e07211e7ba7451330ca20948','4b80ef3ee07211e7ba7451330ca20948','7c2d4fa5-ca69-11e7-9e68-94e3b7ea6e68',NULL,1,'10.00'),('54574170e07011e7ba7451330ca20948','54561346e07011e7ba7451330ca20948','99bd3a8d-23b3-4142-a854-7a3c003f5d61',NULL,2,'24.60'),('5a1b2731e0c011e7917cab35057a5746','5a1a6fb3e0c011e7917cab35057a5746','5cae76b4-7e6e-4144-9641-8b5ccf61dd1a',NULL,100,'1200.00'),('5a1c2beee0c011e7917cab35057a5746','5a1a6fb3e0c011e7917cab35057a5746','cd0a117a-a067-4b79-a0c7-d494b3cd4e6c',NULL,100,'2190.00'),('71897d77e07411e7ba7451330ca20948','7186eaf4e07411e7ba7451330ca20948','20171213191112uioewrjklsdf',NULL,1,'321.00'),('790b91e5e07611e7ba7451330ca20948','7909d71be07611e7ba7451330ca20948','7c2d4fa5-ca69-11e7-9e68-94e3b7ea6e68',NULL,1,'10.00'),('7e234363e07a11e7ba7451330ca20948','7e22c842e07a11e7ba7451330ca20948','cd0a117a-a067-4b79-a0c7-d494b3cd4e6c',NULL,2000,'43800.00'),('811d0c4be00311e7ba7451330ca20948','811b138ee00311e7ba7451330ca20948','5cae76b4-7e6e-4144-9641-8b5ccf61dd1a',NULL,1,'12.00'),('811ee193e00311e7ba7451330ca20948','811b138ee00311e7ba7451330ca20948','85890419-ad5a-4766-8168-567fae9b9059',NULL,2,'46.00'),('8120a899e00311e7ba7451330ca20948','811b138ee00311e7ba7451330ca20948','99bd3a8d-23b3-4142-a854-7a3c003f5d61',NULL,1,'12.30'),('83c30986e07111e7ba7451330ca20948','83c08d00e07111e7ba7451330ca20948','7c2d4fa5-ca69-11e7-9e68-94e3b7ea6e68',NULL,1,'10.00'),('83c5d21de07111e7ba7451330ca20948','83c08d00e07111e7ba7451330ca20948','9bb17104-ca69-11e7-9e68-94e3b7ea6e68',NULL,2,'27.00'),('88651835e07611e7ba7451330ca20948','88633dd0e07611e7ba7451330ca20948','7c2d4fa5-ca69-11e7-9e68-94e3b7ea6e68',NULL,1,'10.00'),('8ac78fe4e00311e7ba7451330ca20948','8ac52772e00311e7ba7451330ca20948','db289d5b-8ec9-4950-a8de-8e0f7e7fe6c9',NULL,1,'16.00'),('8dcb975de07311e7ba7451330ca20948','8dc91a7ce07311e7ba7451330ca20948','7c2d4fa5-ca69-11e7-9e68-94e3b7ea6e68',NULL,1,'10.00'),('930216dae16011e7aa3a101e67a91c8d','93015246e16011e7aa3a101e67a91c8d','5cae76b4-7e6e-4144-9641-8b5ccf61dd1a',NULL,1000,'12000.00'),('9302cd6fe16011e7aa3a101e67a91c8d','93015246e16011e7aa3a101e67a91c8d','cd0a117a-a067-4b79-a0c7-d494b3cd4e6c',NULL,1000,'21900.00'),('95723132e06711e7ba7451330ca20948','956fa98ae06711e7ba7451330ca20948','20171213191112uioewrjklsdf',NULL,1,'321.00'),('95746da7e06711e7ba7451330ca20948','956fa98ae06711e7ba7451330ca20948','7c2d4fa5-ca69-11e7-9e68-94e3b7ea6e68',NULL,1,'10.00'),('9576c120e06711e7ba7451330ca20948','956fa98ae06711e7ba7451330ca20948','7c2d4fa5-ca69-11e7-9e68-94e3b7ea6e68',NULL,2,'20.00'),('95793619e06711e7ba7451330ca20948','956fa98ae06711e7ba7451330ca20948','9bb17104-ca69-11e7-9e68-94e3b7ea6e68',NULL,3,'40.50'),('9cd851bcdff911e7ba7451330ca20948','9cd4a7b4dff911e7ba7451330ca20948','7efe60ab-83be-4e89-a3da-6132431475bf',NULL,1,'12.40'),('9cdac5f4dff911e7ba7451330ca20948','9cd4a7b4dff911e7ba7451330ca20948','aa9826fe-4e15-4324-9653-cb7eb5a5bf6e',NULL,2,'25.78'),('9cdc54fedff911e7ba7451330ca20948','9cd4a7b4dff911e7ba7451330ca20948','adf1aa1a-0734-4601-8a47-87c65b73500a',NULL,1,'13.80'),('a0333c26e00311e7ba7451330ca20948','a03171a1e00311e7ba7451330ca20948','cd0a117a-a067-4b79-a0c7-d494b3cd4e6c',NULL,1,'21.90'),('ae983854dffd11e7ba7451330ca20948','ae95acbadffd11e7ba7451330ca20948','85890419-ad5a-4766-8168-567fae9b9059',NULL,1,'23.00'),('ae9a1c59dffd11e7ba7451330ca20948','ae95acbadffd11e7ba7451330ca20948','99bd3a8d-23b3-4142-a854-7a3c003f5d61',NULL,1,'12.30'),('ae9bb7c4dffd11e7ba7451330ca20948','ae95acbadffd11e7ba7451330ca20948','cd0a117a-a067-4b79-a0c7-d494b3cd4e6c',NULL,1,'21.90'),('b0e79427e18311e7aa3a101e67a91c8d','b0e67f0de18311e7aa3a101e67a91c8d','cd0a117a-a067-4b79-a0c7-d494b3cd4e6c',NULL,1000,'21900.00'),('b0e91e77e18311e7aa3a101e67a91c8d','b0e67f0de18311e7aa3a101e67a91c8d','5cae76b4-7e6e-4144-9641-8b5ccf61dd1a',NULL,1000,'12000.00'),('ba8437afe00311e7ba7451330ca20948','ba8250a6e00311e7ba7451330ca20948','20171213191112uioewrjklsdf',NULL,1,'321.00'),('bc8375d2e07311e7ba7451330ca20948','bc80dc30e07311e7ba7451330ca20948','20171213191112uioewrjklsdf',NULL,1,'321.00'),('ccf01385dffc11e7ba7451330ca20948','ccee8df1dffc11e7ba7451330ca20948','5cae76b4-7e6e-4144-9641-8b5ccf61dd1a',NULL,500,'6000.00'),('ccf0d588dffc11e7ba7451330ca20948','ccee8df1dffc11e7ba7451330ca20948','cd0a117a-a067-4b79-a0c7-d494b3cd4e6c',NULL,500,'10950.00'),('d2e8cd34e06711e7ba7451330ca20948','d2e6675be06711e7ba7451330ca20948','20171213191112uioewrjklsdf',NULL,1,'321.00'),('d2eaf703e06711e7ba7451330ca20948','d2e6675be06711e7ba7451330ca20948','7c2d4fa5-ca69-11e7-9e68-94e3b7ea6e68',NULL,2,'20.00'),('d2ecb8d3e06711e7ba7451330ca20948','d2e6675be06711e7ba7451330ca20948','9bb17104-ca69-11e7-9e68-94e3b7ea6e68',NULL,3,'40.50'),('d2ef225de06711e7ba7451330ca20948','d2e6675be06711e7ba7451330ca20948','serwuiojklsxnvnxml5456820171213191056',NULL,4,'124924.00'),('d9de580de07011e7ba7451330ca20948','d9db23cbe07011e7ba7451330ca20948','5cae76b4-7e6e-4144-9641-8b5ccf61dd1a',NULL,1,'12.00'),('d9e09782e07011e7ba7451330ca20948','d9db23cbe07011e7ba7451330ca20948','85890419-ad5a-4766-8168-567fae9b9059',NULL,2,'46.00'),('d9e277cae07011e7ba7451330ca20948','d9db23cbe07011e7ba7451330ca20948','99bd3a8d-23b3-4142-a854-7a3c003f5d61',NULL,3,'36.90'),('de121b72dff611e7ba7451330ca20948','de1173e5dff611e7ba7451330ca20948','7efe60ab-83be-4e89-a3da-6132431475bf',NULL,50,'620.00'),('de12884adff611e7ba7451330ca20948','de1173e5dff611e7ba7451330ca20948','adf1aa1a-0734-4601-8a47-87c65b73500a',NULL,10,'138.00'),('eb90fe38e07111e7ba7451330ca20948','eb8e191ee07111e7ba7451330ca20948','20171213191112uioewrjklsdf',NULL,1,'321.00'),('ebe75104e07311e7ba7451330ca20948','ebe372e2e07311e7ba7451330ca20948','7c2d4fa5-ca69-11e7-9e68-94e3b7ea6e68',NULL,1,'10.00');

/*Table structure for table `erp_quality` */

DROP TABLE IF EXISTS `erp_quality`;

CREATE TABLE `erp_quality` (
  `QUA_ID` varchar(100) NOT NULL,
  `INDENT_ID` varchar(200) DEFAULT NULL,
  `PURC_ID` varchar(100) DEFAULT NULL,
  `QUA_SREIAL` varchar(100) DEFAULT NULL,
  `QUA_QC` varchar(20) DEFAULT NULL,
  `QUA_GOOD` int(11) DEFAULT NULL,
  `QUA_BAB` int(11) DEFAULT NULL,
  `QUA_ISVA` int(11) DEFAULT NULL,
  `ISVA` int(11) DEFAULT NULL,
  `CREATER` varchar(100) DEFAULT NULL,
  `CREATETIME` varchar(40) DEFAULT NULL,
  `REMARK` varchar(300) DEFAULT NULL,
  PRIMARY KEY (`QUA_ID`)
) ENGINE=InnoDB DEFAULT CHARSET=utf8;

/*Data for the table `erp_quality` */

insert  into `erp_quality`(`QUA_ID`,`INDENT_ID`,`PURC_ID`,`QUA_SREIAL`,`QUA_QC`,`QUA_GOOD`,`QUA_BAB`,`QUA_ISVA`,`ISVA`,`CREATER`,`CREATETIME`,`REMARK`) values ('04d6833b-e0c4-11e7-917c-ab35057a5746','c2fb5406e0bd11e7917cab35057a5746','','ZJ-2017-12-14-009','周梅',200,0,4,1,'de3fef83-5950-484c-a579-9ddb4d8cc66f','2017-12-14 19:43:35','123'),('09f27e3a-e184-11e7-aa3a-101e67a91c8d','','b0e67f0de18311e7aa3a101e67a91c8d','ZJ-2017-12-15-006','周梅',1999,1,4,1,'39a34416-e16a-40ec-bd12-b3fa68028b20','2017-12-15 18:38:07','通过'),('0f2d094d-e161-11e7-aa3a-101e67a91c8d','','93015246e16011e7aa3a101e67a91c8d','ZJ-2017-12-15-003','周梅',1998,2,4,1,'39a34416-e16a-40ec-bd12-b3fa68028b20','2017-12-15 14:27:43','通过'),('103391e1-e07b-11e7-ba74-51330ca20948','1da679ace07a11e7ba7451330ca20948','','ZJ-2017-12-14-005','杨永信',1000,0,4,1,'50410892-ce1f-4605-a753-e223ac76e61f','2017-12-14 11:01:26','好'),('1aab3d76-e096-11e7-ba74-51330ca20948','3db931a2e09511e7ba7451330ca20948','','ZJ-2017-12-14-007','杨永信',199,1,4,1,'50410892-ce1f-4605-a753-e223ac76e61f','2017-12-14 14:15:01','号'),('28a85955-e163-11e7-aa3a-101e67a91c8d','','04574fa5e16311e7aa3a101e67a91c8d','ZJ-2017-12-15-004','杨永信',10,0,4,1,'50410892-ce1f-4605-a753-e223ac76e61f','2017-12-15 14:42:45','通过'),('565a81dd-e142-11e7-aa3a-101e67a91c8d','a50e74ece14011e7aa3a101e67a91c8d','','ZJ-2017-12-15-002','周梅',20,0,4,1,'de3fef83-5950-484c-a579-9ddb4d8cc66f','2017-12-15 10:47:49','通过'),('5a73908a-dffd-11e7-ba74-51330ca20948','','4a665289dffd11e7ba7451330ca20948','ZJ2017-12-13005','杨永信',400,0,2,1,'50410892-ce1f-4605-a753-e223ac76e61f','2017-12-13 20:01:29','4652'),('5d175664-e0c2-11e7-917c-ab35057a5746','','5a1a6fb3e0c011e7917cab35057a5746','ZJ-2017-12-14-008','周梅',199,1,4,1,'39a34416-e16a-40ec-bd12-b3fa68028b20','2017-12-14 19:31:45','通过'),('64bc0ae8-e1fc-11e7-bd99-5d65e13a7fcf','','1b86f3bce1fc11e7bd995d65e13a7fcf','ZJ-2017-12-16-001','周梅',1990,10,4,1,'39a34416-e16a-40ec-bd12-b3fa68028b20','2017-12-16 08:59:39','通过'),('6a6b74db-dffb-11e7-ba74-51330ca20948','','2bcb1eaadffb11e7ba7451330ca20948','ZJ2017-12-13002','杨永信',99,1,4,1,'50410892-ce1f-4605-a753-e223ac76e61f','2017-12-13 19:47:37','审核通过'),('6b392d7b-dffb-11e7-ba74-51330ca20948','','222e3373dffb11e7ba7451330ca20948','ZJ2017-12-13003','杨永信',99,1,4,1,'50410892-ce1f-4605-a753-e223ac76e61f','2017-12-13 19:47:38','审核通过'),('7563e9c8-e141-11e7-aa3a-101e67a91c8d','','12e34c9fe14111e7aa3a101e67a91c8d','ZJ-2017-12-15-001','周梅',200,0,2,1,'39a34416-e16a-40ec-bd12-b3fa68028b20','2017-12-15 10:41:31','123'),('78cad92f-e163-11e7-aa3a-101e67a91c8d','b7fceefde15e11e7aa3a101e67a91c8d','','ZJ-2017-12-15-005','周梅',20,0,4,1,'de3fef83-5950-484c-a579-9ddb4d8cc66f','2017-12-15 14:44:59','通过'),('910355cf-e070-11e7-ba74-51330ca20948','','54561346e07011e7ba7451330ca20948','ZJ-2017-12-14-001','杨永信',2,0,4,1,'50410892-ce1f-4605-a753-e223ac76e61f','2017-12-14 09:46:18','我的速度'),('9af01cb0-e07a-11e7-ba74-51330ca20948','','7e22c842e07a11e7ba7451330ca20948','ZJ-2017-12-14-004','杨永信',2000,0,4,1,'50410892-ce1f-4605-a753-e223ac76e61f','2017-12-14 10:58:09','好'),('c287d878-e184-11e7-aa3a-101e67a91c8d','58a759f7e18311e7aa3a101e67a91c8d','','ZJ-2017-12-15-007','周梅',100,0,4,1,'de3fef83-5950-484c-a579-9ddb4d8cc66f','2017-12-15 18:43:17','通过'),('d8b8987c-e077-11e7-ba74-51330ca20948','aeb14667e07711e7ba7451330ca20948','','ZJ-2017-12-14-003','杨永信',10,0,4,1,'50410892-ce1f-4605-a753-e223ac76e61f','2017-12-14 10:38:25','老客户结构不'),('d9d3d754-e1fc-11e7-bd99-5d65e13a7fcf','c3c87426e1fb11e7bd995d65e13a7fcf','','ZJ-2017-12-16-002','周梅',200,0,4,1,'de3fef83-5950-484c-a579-9ddb4d8cc66f','2017-12-16 09:02:56','通过'),('e41075c0-dffc-11e7-ba74-51330ca20948','','ccee8df1dffc11e7ba7451330ca20948','ZJ2017-12-13004','杨永信',1000,0,4,1,'50410892-ce1f-4605-a753-e223ac76e61f','2017-12-13 19:58:11','设计费可莱丝'),('ed2cc0b8-e093-11e7-ba74-51330ca20948','','25c8ba55e09311e7ba7451330ca20948','ZJ-2017-12-14-006','杨永信',318,2,4,1,'50410892-ce1f-4605-a753-e223ac76e61f','2017-12-14 13:59:26','质检通过'),('ee80b035-e071-11e7-ba74-51330ca20948','bece7a0ad56a11e78c359a2b069e0643','54561346e07011e7ba7451330ca20948','ZJ-2017-12-14-002','杨永信',5,0,4,1,'50410892-ce1f-4605-a753-e223ac76e61f','2017-12-14 09:56:04','4563'),('f660c8d1-dff6-11e7-ba74-51330ca20948','','de1173e5dff611e7ba7451330ca20948','ZJ2017-12-13-001','杨永信',51,9,4,1,'50410892-ce1f-4605-a753-e223ac76e61f','2017-12-13 19:15:44','测试'),('f6d2efbd-dffd-11e7-ba74-51330ca20948','40cd9f99dff811e7ba7451330ca20948','','ZJ2017-12-13006','杨永信',5,0,4,1,'50410892-ce1f-4605-a753-e223ac76e61f','2017-12-13 20:05:52','股几乎不能');

/*Table structure for table `erp_quality_detail` */

DROP TABLE IF EXISTS `erp_quality_detail`;

CREATE TABLE `erp_quality_detail` (
  `QDET_ID` varchar(100) NOT NULL,
  `QUA_ID` varchar(100) DEFAULT NULL,
  `RAW_ID` varchar(100) DEFAULT NULL,
  `KIN_ID` varchar(100) DEFAULT NULL,
  `QDET_GOOD` int(11) DEFAULT NULL,
  `QDET_BAB` int(11) DEFAULT NULL,
  `REMARK` varchar(400) DEFAULT NULL,
  `CREATETIME` varchar(40) DEFAULT NULL,
  PRIMARY KEY (`QDET_ID`)
) ENGINE=InnoDB DEFAULT CHARSET=utf8;

/*Data for the table `erp_quality_detail` */

insert  into `erp_quality_detail`(`QDET_ID`,`QUA_ID`,`RAW_ID`,`KIN_ID`,`QDET_GOOD`,`QDET_BAB`,`REMARK`,`CREATETIME`) values ('0c99dbcd-e071-11e7-ba74-51330ca20948','910355cf-e070-11e7-ba74-51330ca20948','99bd3a8d-23b3-4142-a854-7a3c003f5d61',NULL,2,0,NULL,'2017-12-14 09:49:45'),('0ec53069-e094-11e7-ba74-51330ca20948','ed2cc0b8-e093-11e7-ba74-51330ca20948','cd0a117a-a067-4b79-a0c7-d494b3cd4e6c',NULL,119,1,NULL,'2017-12-14 14:00:22'),('0ec60131-e094-11e7-ba74-51330ca20948','ed2cc0b8-e093-11e7-ba74-51330ca20948','5cae76b4-7e6e-4144-9641-8b5ccf61dd1a',NULL,199,1,NULL,'2017-12-14 14:00:22'),('0f0491ba-dffe-11e7-ba74-51330ca20948','f6d2efbd-dffd-11e7-ba74-51330ca20948',NULL,'7c2d4fa5-ca69-11e7-9e68-94e3b7ea6e68',5,0,NULL,'2017-12-13 20:06:32'),('1930cfbb-e07b-11e7-ba74-51330ca20948','103391e1-e07b-11e7-ba74-51330ca20948',NULL,'e16ff99a-e079-11e7-ba74-51330ca20948',1000,0,NULL,'2017-12-14 11:01:41'),('20ca7893-e0c4-11e7-917c-ab35057a5746','04d6833b-e0c4-11e7-917c-ab35057a5746',NULL,'7c2d4fa5-ca69-11e7-9e68-94e3b7ea6e68',100,0,NULL,'2017-12-14 19:44:22'),('20cac4b4-e0c4-11e7-917c-ab35057a5746','04d6833b-e0c4-11e7-917c-ab35057a5746',NULL,'e16ff99a-e079-11e7-ba74-51330ca20948',100,0,NULL,'2017-12-14 19:44:22'),('287643f6-e184-11e7-aa3a-101e67a91c8d','09f27e3a-e184-11e7-aa3a-101e67a91c8d','cd0a117a-a067-4b79-a0c7-d494b3cd4e6c',NULL,999,1,NULL,'2017-12-15 18:38:58'),('2877ee6d-e184-11e7-aa3a-101e67a91c8d','09f27e3a-e184-11e7-aa3a-101e67a91c8d','5cae76b4-7e6e-4144-9641-8b5ccf61dd1a',NULL,1000,0,NULL,'2017-12-15 18:38:58'),('3211f0ad-e163-11e7-aa3a-101e67a91c8d','28a85955-e163-11e7-aa3a-101e67a91c8d','cd0a117a-a067-4b79-a0c7-d494b3cd4e6c',NULL,10,0,NULL,'2017-12-15 14:43:01'),('37898650-e161-11e7-aa3a-101e67a91c8d','0f2d094d-e161-11e7-aa3a-101e67a91c8d','5cae76b4-7e6e-4144-9641-8b5ccf61dd1a',NULL,999,1,NULL,'2017-12-15 14:28:51'),('378a343b-e161-11e7-aa3a-101e67a91c8d','0f2d094d-e161-11e7-aa3a-101e67a91c8d','cd0a117a-a067-4b79-a0c7-d494b3cd4e6c',NULL,999,1,NULL,'2017-12-15 14:28:51'),('4855d94b-dff7-11e7-ba74-51330ca20948','f660c8d1-dff6-11e7-ba74-51330ca20948','7efe60ab-83be-4e89-a3da-6132431475bf',NULL,46,4,NULL,'2017-12-13 19:18:02'),('4856525b-dff7-11e7-ba74-51330ca20948','f660c8d1-dff6-11e7-ba74-51330ca20948','adf1aa1a-0734-4601-8a47-87c65b73500a',NULL,5,5,NULL,'2017-12-13 19:18:02'),('617b06ef-dffd-11e7-ba74-51330ca20948','5a73908a-dffd-11e7-ba74-51330ca20948','5cae76b4-7e6e-4144-9641-8b5ccf61dd1a',NULL,200,0,NULL,'2017-12-13 20:01:41'),('617b37f9-dffd-11e7-ba74-51330ca20948','5a73908a-dffd-11e7-ba74-51330ca20948','cd0a117a-a067-4b79-a0c7-d494b3cd4e6c',NULL,200,0,NULL,'2017-12-13 20:01:41'),('640ff671-e142-11e7-aa3a-101e67a91c8d','565a81dd-e142-11e7-aa3a-101e67a91c8d',NULL,'7c2d4fa5-ca69-11e7-9e68-94e3b7ea6e68',10,0,NULL,'2017-12-15 10:48:12'),('64102851-e142-11e7-aa3a-101e67a91c8d','565a81dd-e142-11e7-aa3a-101e67a91c8d',NULL,'e16ff99a-e079-11e7-ba74-51330ca20948',10,0,NULL,'2017-12-15 10:48:12'),('6cfa458d-e096-11e7-ba74-51330ca20948','1aab3d76-e096-11e7-ba74-51330ca20948',NULL,'7c2d4fa5-ca69-11e7-9e68-94e3b7ea6e68',99,1,NULL,'2017-12-14 14:17:19'),('6cfb019d-e096-11e7-ba74-51330ca20948','1aab3d76-e096-11e7-ba74-51330ca20948',NULL,'e16ff99a-e079-11e7-ba74-51330ca20948',100,0,NULL,'2017-12-14 14:17:19'),('7d57153d-dffb-11e7-ba74-51330ca20948','6b392d7b-dffb-11e7-ba74-51330ca20948','5cae76b4-7e6e-4144-9641-8b5ccf61dd1a',NULL,99,1,NULL,'2017-12-13 19:48:09'),('823fc564-e141-11e7-aa3a-101e67a91c8d','7563e9c8-e141-11e7-aa3a-101e67a91c8d','5cae76b4-7e6e-4144-9641-8b5ccf61dd1a',NULL,100,0,NULL,'2017-12-15 10:41:53'),('82403b12-e141-11e7-aa3a-101e67a91c8d','7563e9c8-e141-11e7-aa3a-101e67a91c8d','cd0a117a-a067-4b79-a0c7-d494b3cd4e6c',NULL,100,0,NULL,'2017-12-15 10:41:53'),('8276fd36-e1fc-11e7-bd99-5d65e13a7fcf','64bc0ae8-e1fc-11e7-bd99-5d65e13a7fcf','5cae76b4-7e6e-4144-9641-8b5ccf61dd1a',NULL,990,10,NULL,'2017-12-16 09:00:29'),('8277bbe7-e1fc-11e7-bd99-5d65e13a7fcf','64bc0ae8-e1fc-11e7-bd99-5d65e13a7fcf','cd0a117a-a067-4b79-a0c7-d494b3cd4e6c',NULL,1000,0,NULL,'2017-12-16 09:00:29'),('84d8abf0-dffb-11e7-ba74-51330ca20948','6a6b74db-dffb-11e7-ba74-51330ca20948','cd0a117a-a067-4b79-a0c7-d494b3cd4e6c',NULL,99,1,NULL,'2017-12-13 19:48:21'),('87bcb467-e163-11e7-aa3a-101e67a91c8d','78cad92f-e163-11e7-aa3a-101e67a91c8d',NULL,'7c2d4fa5-ca69-11e7-9e68-94e3b7ea6e68',10,0,NULL,'2017-12-15 14:45:24'),('87bcf189-e163-11e7-aa3a-101e67a91c8d','78cad92f-e163-11e7-aa3a-101e67a91c8d',NULL,'e16ff99a-e079-11e7-ba74-51330ca20948',10,0,NULL,'2017-12-15 14:45:24'),('99338091-e0c2-11e7-917c-ab35057a5746','5d175664-e0c2-11e7-917c-ab35057a5746','5cae76b4-7e6e-4144-9641-8b5ccf61dd1a',NULL,99,1,NULL,'2017-12-14 19:33:25'),('99344f89-e0c2-11e7-917c-ab35057a5746','5d175664-e0c2-11e7-917c-ab35057a5746','cd0a117a-a067-4b79-a0c7-d494b3cd4e6c',NULL,100,0,NULL,'2017-12-14 19:33:25'),('a38f223b-e07a-11e7-ba74-51330ca20948','9af01cb0-e07a-11e7-ba74-51330ca20948','cd0a117a-a067-4b79-a0c7-d494b3cd4e6c',NULL,2000,0,NULL,'2017-12-14 10:58:24'),('d7edc0ed-e184-11e7-aa3a-101e67a91c8d','c287d878-e184-11e7-aa3a-101e67a91c8d',NULL,'e16ff99a-e079-11e7-ba74-51330ca20948',100,0,NULL,'2017-12-15 18:43:52'),('e8a1b7e5-e077-11e7-ba74-51330ca20948','d8b8987c-e077-11e7-ba74-51330ca20948',NULL,'7c2d4fa5-ca69-11e7-9e68-94e3b7ea6e68',10,0,NULL,'2017-12-14 10:38:51'),('ea17dab3-e1fc-11e7-bd99-5d65e13a7fcf','d9d3d754-e1fc-11e7-bd99-5d65e13a7fcf',NULL,'7c2d4fa5-ca69-11e7-9e68-94e3b7ea6e68',100,0,NULL,'2017-12-16 09:03:23'),('ea183750-e1fc-11e7-bd99-5d65e13a7fcf','d9d3d754-e1fc-11e7-bd99-5d65e13a7fcf',NULL,'e16ff99a-e079-11e7-ba74-51330ca20948',100,0,NULL,'2017-12-16 09:03:23'),('f438eed0-dffc-11e7-ba74-51330ca20948','e41075c0-dffc-11e7-ba74-51330ca20948','5cae76b4-7e6e-4144-9641-8b5ccf61dd1a',NULL,500,0,NULL,'2017-12-13 19:58:38'),('f4393920-dffc-11e7-ba74-51330ca20948','e41075c0-dffc-11e7-ba74-51330ca20948','cd0a117a-a067-4b79-a0c7-d494b3cd4e6c',NULL,500,0,NULL,'2017-12-13 19:58:38'),('fa5d1ca2-e071-11e7-ba74-51330ca20948','ee80b035-e071-11e7-ba74-51330ca20948',NULL,'9bb17104-ca69-11e7-9e68-94e3b7ea6e68',5,0,NULL,'2017-12-14 09:56:24');

/*Table structure for table `erp_raw` */

DROP TABLE IF EXISTS `erp_raw`;

CREATE TABLE `erp_raw` (
  `RAW_ID` varchar(100) NOT NULL,
  `APPLY_ID` varchar(200) DEFAULT NULL,
  `RAW_SERIAL` varchar(100) DEFAULT NULL,
  `RAW_NAME` varchar(30) DEFAULT NULL,
  `RAW_CONTENT` decimal(5,2) DEFAULT NULL,
  `RAW_PRICE` decimal(5,2) DEFAULT NULL,
  `RAW_UNIT` varchar(7) DEFAULT NULL,
  `CREATER` varchar(100) DEFAULT NULL,
  `CREATETIME` varchar(40) DEFAULT NULL,
  `ISVA` int(11) DEFAULT NULL,
  PRIMARY KEY (`RAW_ID`)
) ENGINE=InnoDB DEFAULT CHARSET=utf8;

/*Data for the table `erp_raw` */

insert  into `erp_raw`(`RAW_ID`,`APPLY_ID`,`RAW_SERIAL`,`RAW_NAME`,`RAW_CONTENT`,`RAW_PRICE`,`RAW_UNIT`,`CREATER`,`CREATETIME`,`ISVA`) values ('5cae76b4-7e6e-4144-9641-8b5ccf61dd1a','1','YCL2017-12-13002','安眠药','3.00','12.00','g','1','2017-12-13 19:42:39',0),('85890419-ad5a-4766-8168-567fae9b9059','1','YCL2017-11-24-001','黄芪','34.50','23.00','g','1','2017-11-24 14:04:06',1),('99bd3a8d-23b3-4142-a854-7a3c003f5d61','1','YCL2017-12-06-001','黄芪','3.40','12.30','g','1','2017-12-06 15:55:15',1),('cd0a117a-a067-4b79-a0c7-d494b3cd4e6c','1','YCL2017-12-13-001','氨基酸','12.00','21.90','g','1','2017-12-13 19:42:20',0),('db289d5b-8ec9-4950-a8de-8e0f7e7fe6c9','1','YCL2017-11-24002','枸杞','12.30','16.00','ml','1','2017-11-24 14:06:09',1);

/*Table structure for table `erp_resuit` */

DROP TABLE IF EXISTS `erp_resuit`;

CREATE TABLE `erp_resuit` (
  `RES_ID` varchar(100) NOT NULL,
  `RES_SERIAL` varchar(100) DEFAULT NULL,
  `RES_NAME` varchar(30) DEFAULT NULL,
  `ISVA` int(11) DEFAULT NULL,
  `CREATER` varchar(100) DEFAULT NULL,
  `CREATETIME` varchar(40) DEFAULT NULL,
  `REMARK` varchar(300) DEFAULT NULL,
  PRIMARY KEY (`RES_ID`)
) ENGINE=InnoDB DEFAULT CHARSET=utf8 COMMENT='药品的效果表';

/*Data for the table `erp_resuit` */

insert  into `erp_resuit`(`RES_ID`,`RES_SERIAL`,`RES_NAME`,`ISVA`,`CREATER`,`CREATETIME`,`REMARK`) values ('1','YX-2017-10-8-001','调理经期',1,NULL,NULL,NULL),('2','YX-2017-10-8-002','治头晕',0,NULL,NULL,NULL),('3','YX-2017-10-8-002','感冒',0,NULL,NULL,NULL),('f9eaa418-bd4c-11e7-a1db-ed8cf62dfc6a','YX-2017-10-30-001','眼花a',0,'1','2017-10-30 16:34:18','滴眼液');

/*Table structure for table `erp_role` */

DROP TABLE IF EXISTS `erp_role`;

CREATE TABLE `erp_role` (
  `ROLE_ID` varchar(100) NOT NULL,
  `role_color` varchar(20) DEFAULT NULL,
  `ROLE_NAME` varchar(100) DEFAULT NULL,
  `ISVA` varchar(2) DEFAULT NULL,
  `createTime` varchar(100) DEFAULT NULL,
  `createR` varchar(20) DEFAULT NULL,
  `remark` varchar(100) DEFAULT NULL,
  PRIMARY KEY (`ROLE_ID`)
) ENGINE=InnoDB DEFAULT CHARSET=utf8 COMMENT='角色表';

/*Data for the table `erp_role` */

insert  into `erp_role`(`ROLE_ID`,`role_color`,`ROLE_NAME`,`ISVA`,`createTime`,`createR`,`remark`) values ('0ca45d70-2eee-41f1-a823-ca2fbb151cd9',NULL,'总店生产员','1',NULL,NULL,''),('1',NULL,'管理员','1',NULL,NULL,NULL),('2c55e56e-0651-4447-aa0e-07c03e781ba0',NULL,'分店财务员','1',NULL,NULL,''),('344b4dec-b0c4-40c8-947d-dd2315c85e88',NULL,'总店采购经理','1',NULL,NULL,''),('397fcc8d-b411-4b1a-b6d1-8dc2a699137f',NULL,'总店经理','1',NULL,NULL,''),('4eed2485-f730-4a03-be5e-e2e2a2d93c18',NULL,'总店仓库管理员','1',NULL,NULL,''),('50354f64-1312-4ca0-b2fe-bd3e89b738d0',NULL,'分店批发审核员','1',NULL,NULL,''),('7aac09de-f5aa-4f1d-b96d-d867936957ce',NULL,'分店经理','1',NULL,NULL,''),('98dd21d2-e44b-4431-83d1-915ff86959f4',NULL,'分店销售员','1',NULL,NULL,''),('9a9c92c5-5e6e-40c2-b451-d9e83858e045',NULL,'哈哈','1',NULL,NULL,'321'),('a0a24d2f-e245-44ba-8de4-8045f8f52b15',NULL,'分店仓库员','1',NULL,NULL,''),('ad12f5eb-4db6-44e6-8f8b-87bc94269bc3',NULL,'总店采购员','1',NULL,NULL,''),('d11008a1-704f-4b0c-a6bb-6e036231273b',NULL,'分店采购员','1',NULL,NULL,''),('d4ce88f9-d2f6-43e6-a76b-d5e507249513',NULL,'药品管理员','1',NULL,NULL,''),('dd4d366e-3664-438a-8780-64ec0c87f081',NULL,'质检员','1',NULL,NULL,''),('ef7790c4-efec-47c6-86ed-cd39537f32a1',NULL,'总店财务','1',NULL,NULL,'');

/*Table structure for table `erp_role_model` */

DROP TABLE IF EXISTS `erp_role_model`;

CREATE TABLE `erp_role_model` (
  `ROLE_MODEL_ID` varchar(100) NOT NULL COMMENT '角色功能主键',
  `MODEL_ID` varchar(200) DEFAULT NULL COMMENT '模块id',
  `ROLE_ID` varchar(100) DEFAULT NULL,
  PRIMARY KEY (`ROLE_MODEL_ID`)
) ENGINE=InnoDB DEFAULT CHARSET=utf8;

/*Data for the table `erp_role_model` */

insert  into `erp_role_model`(`ROLE_MODEL_ID`,`MODEL_ID`,`ROLE_ID`) values ('01ae05eb-6346-4cce-8dd9-dde05a0f00a5','eda2997e-694a-47b5-ba29-e545037c4168','1'),('08cd1e64-f2b0-4f4c-99e0-0e554d921d20','c681c44c-4e9b-42f5-9f75-06342b7e8d7b','1'),('11c4d748-4162-4036-92e3-f09eb28e3db8','67495762-9c6c-478c-9331-f092aafb1de0','1'),('1c6071df-ebc2-4560-a278-7eac75102a8a','3e1bad51-e0e6-491b-8fb4-8a22c3a25eed','1'),('2398bb23-cc9e-42c1-9f37-e88d27415e91','67495762-9c6c-478c-9331-f092aafb1de0','0ca45d70-2eee-41f1-a823-ca2fbb151cd9'),('250536f0-0ad9-4fe9-b25f-69d20c2f4432','f0af12aa-2525-4fe9-b548-351f2f0a0ce6','1'),('50694d6f-ebbf-4257-b454-00bbd53d25e0','c506d87d-c3fa-48ae-9d41-7a8a4ec12ff3','7aac09de-f5aa-4f1d-b96d-d867936957ce'),('5a18988d-0b97-4026-85f3-217efc50c05f','1686c7e5-cb1a-4b2f-812e-6e7a45ed054a','ad12f5eb-4db6-44e6-8f8b-87bc94269bc3'),('64fc077b-7e2e-4c74-94d4-76852e963347','0781c0f9-bf02-46c5-af35-951ab4ed74f1','50354f64-1312-4ca0-b2fe-bd3e89b738d0'),('6c73948f-a78e-45b4-b287-7880818a9f60','1686c7e5-cb1a-4b2f-812e-6e7a45ed054a','344b4dec-b0c4-40c8-947d-dd2315c85e88'),('6f8155ce-43d7-44b6-9a64-8b1519115744','e7b98bb8-ec9e-40c7-a787-db363e795540','1'),('7441f3ee-91e0-4b5a-85b5-1916daeb261d','444e0d4a-1eb8-4823-becd-4ba0a20242ff','ef7790c4-efec-47c6-86ed-cd39537f32a1'),('835fc002-20f1-434b-8bea-0d41420a23d7','c506d87d-c3fa-48ae-9d41-7a8a4ec12ff3','1'),('8f2592f5-b201-4e20-ab9f-73d6d49d1e59','eda2997e-694a-47b5-ba29-e545037c4168','9a9c92c5-5e6e-40c2-b451-d9e83858e045'),('91d1043a-c0a7-48e4-a401-69c8271c07c9','1686c7e5-cb1a-4b2f-812e-6e7a45ed054a','1'),('970d9d10-6866-4bdd-be8f-2ef07a78586f','e7b98bb8-ec9e-40c7-a787-db363e795540','a0a24d2f-e245-44ba-8de4-8045f8f52b15'),('a0c1ad50-f350-4a4f-a737-e5bbc8e48f4e','850bce6f-f271-4038-9b18-cded2819fdb1','1'),('b6b67383-26fa-4832-b372-01cbb1d0cb09','f0af12aa-2525-4fe9-b548-351f2f0a0ce6','9a9c92c5-5e6e-40c2-b451-d9e83858e045'),('b6b90b29-2dd1-4c7a-8da2-da2023ac00ad','0781c0f9-bf02-46c5-af35-951ab4ed74f1','7aac09de-f5aa-4f1d-b96d-d867936957ce'),('ba732e39-9db1-4f7f-94dd-9674d76f883a','3fe73858-270a-449e-bcff-e78c5ee57e32','1'),('baefb5cc-7ae1-45a3-be69-adc2d07d1b76','e7b98bb8-ec9e-40c7-a787-db363e795540','2c55e56e-0651-4447-aa0e-07c03e781ba0'),('bc02298a-dec8-44bf-8215-73da336b39c2','3e1bad51-e0e6-491b-8fb4-8a22c3a25eed','d11008a1-704f-4b0c-a6bb-6e036231273b'),('c6c36abc-b9ee-4cff-90c4-2093cc0885f0','e7b98bb8-ec9e-40c7-a787-db363e795540','7aac09de-f5aa-4f1d-b96d-d867936957ce'),('cb816227-2ba4-4972-aceb-959972cf157f','3e1bad51-e0e6-491b-8fb4-8a22c3a25eed','7aac09de-f5aa-4f1d-b96d-d867936957ce'),('d17ceeac-9e30-4c42-9257-dcb825f911e8','c506d87d-c3fa-48ae-9d41-7a8a4ec12ff3','d4ce88f9-d2f6-43e6-a76b-d5e507249513'),('d71bfb04-0d26-42e0-aec0-1d361e582464','d507b636-2669-4636-80c5-95bdb212fb74','1'),('dfdeaadc-a704-4890-a346-edb5d1ca4edc','794a62f9-690f-4fac-98da-9e13c32cd3d3','1'),('e6dd35d2-9151-4ae1-ac08-9bd184112cb3','444e0d4a-1eb8-4823-becd-4ba0a20242ff','397fcc8d-b411-4b1a-b6d1-8dc2a699137f'),('ec07acb1-e065-4215-863b-353a8de5d09c','444e0d4a-1eb8-4823-becd-4ba0a20242ff','1'),('f3e5f682-8e5c-4415-96ec-823c142480e3','0781c0f9-bf02-46c5-af35-951ab4ed74f1','98dd21d2-e44b-4431-83d1-915ff86959f4'),('fac4d330-3678-4761-8f0c-e95fb1e8ce62','0781c0f9-bf02-46c5-af35-951ab4ed74f1','2c55e56e-0651-4447-aa0e-07c03e781ba0'),('fbdb6a65-7315-4355-af14-8aebf1b9400e','d507b636-2669-4636-80c5-95bdb212fb74','dd4d366e-3664-438a-8780-64ec0c87f081'),('fc8d09ba-0ea0-473f-a72a-4efda7016ece','0781c0f9-bf02-46c5-af35-951ab4ed74f1','1'),('ff0b9baf-498d-4457-a868-ba35e6bd6afb','f0af12aa-2525-4fe9-b548-351f2f0a0ce6','4eed2485-f730-4a03-be5e-e2e2a2d93c18');

/*Table structure for table `erp_role_model_subordinate` */

DROP TABLE IF EXISTS `erp_role_model_subordinate`;

CREATE TABLE `erp_role_model_subordinate` (
  `SUB_ID` varchar(100) NOT NULL,
  `ROLE_ID` varchar(100) DEFAULT NULL,
  `MODEL_ID` varchar(100) DEFAULT NULL,
  PRIMARY KEY (`SUB_ID`)
) ENGINE=InnoDB DEFAULT CHARSET=utf8;

/*Data for the table `erp_role_model_subordinate` */

insert  into `erp_role_model_subordinate`(`SUB_ID`,`ROLE_ID`,`MODEL_ID`) values ('027600be-b4ce-49cd-9c86-9da5c5a50014','1','f9424a38-f0f9-4241-8b5f-c95dd730aed8'),('044fc35f-5cb6-4ef9-9ec5-b8e7e33d08ff','2c55e56e-0651-4447-aa0e-07c03e781ba0','5f2014d2-caa6-4d5e-a641-e6febf9c508b'),('0ce82bf8-5c66-4970-ad06-07a1891539a5','ad12f5eb-4db6-44e6-8f8b-87bc94269bc3','9387aefe-0283-4c1f-ab50-0414655121e9'),('0e1d9a4c-78b7-4495-b4e9-6b39e57fd07e','1','d6ff81d4-ede6-4156-96c9-5d57dec3c762'),('216bcaa1-6f8e-4f3a-b028-84b222988de4','1','e0eac382-1d3a-492a-b6ea-1c3595cf8e56'),('260ec06d-3c51-42a7-b8ef-d5bafe505bb6','1','2d68fe18-5de2-4487-943b-7342cac85261'),('2ae3e063-b371-4005-b74e-ba0ca5c1921b','1','33ba38ef-021c-4fcd-a9be-fe0aef9e1c5b'),('2c815a92-91ae-4d7d-9d5c-dad5f0628e20','1','0796a5f2-0816-45dc-904c-2b99d2822cf8'),('2c864d60-cb78-409c-a471-702d28ceed09','1','0d43f778-0e64-4879-adb4-867577ab5165'),('2cc46d1e-af59-47ab-8486-81c32749a3b9','2c55e56e-0651-4447-aa0e-07c03e781ba0','26c37b54-fa7f-497e-aa9b-3b8219381abc'),('2d1cf462-80d3-4aa7-bb9e-05c33c4ce8b4','1','20d21ce0-2745-4310-9bf9-a5a0a9c57685'),('2f304019-2a5b-4a7f-82fb-d3535daa2991','1','9387aefe-0283-4c1f-ab50-0414655121e9'),('370ed677-6fbe-4430-a29a-eb95a0ad78fe','7aac09de-f5aa-4f1d-b96d-d867936957ce','b1ed808c-e924-4606-a78d-a52e7dce6430'),('399d157a-abea-4e11-a001-02966c764262','344b4dec-b0c4-40c8-947d-dd2315c85e88','9387aefe-0283-4c1f-ab50-0414655121e9'),('3d8e81e9-c110-4a3e-9e57-ef70e015773a','1','b83311c8-cfff-471e-a54e-826a8888ef81'),('406627e7-5e46-465c-b5d7-33cf21bd2eaf','1','5b3f5334-8fbd-4e93-8b7a-3d1eeace385d'),('45c3ab2c-2581-4c6d-a15d-e48353260547','98dd21d2-e44b-4431-83d1-915ff86959f4','5f2014d2-caa6-4d5e-a641-e6febf9c508b'),('46df23b9-efcb-4a39-9494-259c2b9306c4','1','b1ed808c-e924-4606-a78d-a52e7dce6430'),('473d7049-6322-4c83-95f9-49d9c83fa1ec','dd4d366e-3664-438a-8780-64ec0c87f081','e0eac382-1d3a-492a-b6ea-1c3595cf8e56'),('4803146a-44d8-4b4a-8c8f-e58ef0787d7a','397fcc8d-b411-4b1a-b6d1-8dc2a699137f','88cdc7e2-4958-401c-86e6-427427bd8027'),('4bb6ce06-04fa-4de8-b330-7dc71daadd0d','1','24f80813-0185-43aa-8f54-b42010ca80e4'),('4bf23646-3f04-451d-bf60-c4d3fbfcc999','1','6178e4b3-5856-4433-9569-9fa53f3a0148'),('4d115ab3-7a88-40c9-91c2-0a28540864d3','d4ce88f9-d2f6-43e6-a76b-d5e507249513','9dee8736-c083-494a-8a95-164da7c87a29'),('50b81b06-273e-442a-8895-59fef1203d52','d4ce88f9-d2f6-43e6-a76b-d5e507249513','33ba38ef-021c-4fcd-a9be-fe0aef9e1c5b'),('51853ab0-8dfe-4c9d-a8b9-05421b463ab4','4eed2485-f730-4a03-be5e-e2e2a2d93c18','d7c93579-00d9-46de-9c69-9e56ca252295'),('53a4a4ca-66f6-45c4-8d6a-53d21210eab7','9a9c92c5-5e6e-40c2-b451-d9e83858e045','06925141-692a-4f0f-8657-5134414280b4'),('54288efc-f7dc-4208-8227-c2fb28200cb5','ef7790c4-efec-47c6-86ed-cd39537f32a1','b83311c8-cfff-471e-a54e-826a8888ef81'),('5928a684-3cad-4046-bf64-a2ed46a876f6','1','26c37b54-fa7f-497e-aa9b-3b8219381abc'),('667278cd-f854-42cd-95d9-ce45d4134c60','7aac09de-f5aa-4f1d-b96d-d867936957ce','ec905ceb-3eac-4be7-b799-a1f0025d3e82'),('67368bbe-8fc4-4996-8162-610f89d91735','7aac09de-f5aa-4f1d-b96d-d867936957ce','5b3f5334-8fbd-4e93-8b7a-3d1eeace385d'),('69ed2bd1-0fb2-42fd-a7e7-6d5498089485','0ca45d70-2eee-41f1-a823-ca2fbb151cd9','9c735ae8-9ea3-4a2e-957b-13d7a48cc0a3'),('6bc984f2-cdb2-45ea-8c27-d8a9ca05667a','7aac09de-f5aa-4f1d-b96d-d867936957ce','5f2014d2-caa6-4d5e-a641-e6febf9c508b'),('6bfaaa58-5cbe-4540-82e6-6b97d6cfecb0','1','e62e5790-fd69-4dee-9afc-2d5f45624fbc'),('78079bb3-0454-44be-91c9-523462624998','50354f64-1312-4ca0-b2fe-bd3e89b738d0','26c37b54-fa7f-497e-aa9b-3b8219381abc'),('7870b181-b73d-4908-9952-89eee9ccd2ab','344b4dec-b0c4-40c8-947d-dd2315c85e88','26e8ffea-9230-4450-a3d6-fbd284431177'),('78f9215e-9e81-4b6d-ae36-dc2ca351f6f9','d4ce88f9-d2f6-43e6-a76b-d5e507249513','14d3ffde-bee6-49b3-9c88-e0eca104e3ca'),('7bb50b3a-e3f6-4253-bd3b-74491936632a','1','a1984901-367b-488c-9788-77a3737e6da8'),('81692d92-8479-4760-b445-6f869884712d','d11008a1-704f-4b0c-a6bb-6e036231273b','7c0c19b1-391f-4cc6-8742-eaca4bb3b083'),('84004abd-6697-4a40-b25e-6897730ed188','1','14d3ffde-bee6-49b3-9c88-e0eca104e3ca'),('847ad79f-ae0b-4785-a2ef-c0eb32eab075','1','9fd11bd9-7000-44d8-ad31-4f1688812ff7'),('86320772-da32-45a6-b474-d24955c03216','9a9c92c5-5e6e-40c2-b451-d9e83858e045','f9424a38-f0f9-4241-8b5f-c95dd730aed8'),('871f0e2b-faf3-471e-9f63-197bc261447e','1','ec905ceb-3eac-4be7-b799-a1f0025d3e82'),('90973524-8fb9-4209-817a-0a36cfc8803a','1','06925141-692a-4f0f-8657-5134414280b4'),('976ce3b8-bd91-4893-adbd-3fa22f15e9b2','1','5841ed7c-5820-4915-afda-15b409eb0192'),('9a30a657-0d5a-4275-8cba-941950741e96','2c55e56e-0651-4447-aa0e-07c03e781ba0','24f80813-0185-43aa-8f54-b42010ca80e4'),('a25a452e-8605-44e8-be9a-a8f642166c2c','7aac09de-f5aa-4f1d-b96d-d867936957ce','24f80813-0185-43aa-8f54-b42010ca80e4'),('a59938e7-ded5-4056-b66e-5569b2800077','7aac09de-f5aa-4f1d-b96d-d867936957ce','26c37b54-fa7f-497e-aa9b-3b8219381abc'),('a69570ab-accd-4f54-a2d3-bc11e11899fe','2c55e56e-0651-4447-aa0e-07c03e781ba0','0d43f778-0e64-4879-adb4-867577ab5165'),('b90fdf87-0774-454b-add2-2f9a92d7f4a5','0ca45d70-2eee-41f1-a823-ca2fbb151cd9','d6ff81d4-ede6-4156-96c9-5d57dec3c762'),('bc6ac324-0fcc-4ce8-8515-cac17caa7d7d','1','112c4bd5-f1d5-4249-ae30-a66b0205d6e3'),('c17bef3c-929d-4766-8a15-cc3c73943e55','4eed2485-f730-4a03-be5e-e2e2a2d93c18','f9424a38-f0f9-4241-8b5f-c95dd730aed8'),('c2c602c4-deac-4d3e-a634-8e5caa0a0128','1','11811ffc-e95d-4280-afe8-52f6ef51811b'),('c3f9da7f-654c-4c5f-b8a1-bf8f219dbf8c','1','e6696b05-aa21-4bf2-980e-d8995acba724'),('c46b3673-d82d-4e7f-accd-7f67fd7f0999','1','d7c93579-00d9-46de-9c69-9e56ca252295'),('c5ff030c-7bb3-4862-b4b6-1bcb0b0902e3','a0a24d2f-e245-44ba-8de4-8045f8f52b15','0d43f778-0e64-4879-adb4-867577ab5165'),('cd860b46-f8d9-41b2-a565-15b94679b0fe','7aac09de-f5aa-4f1d-b96d-d867936957ce','14d3ffde-bee6-49b3-9c88-e0eca104e3ca'),('ce723dbc-4cfd-4135-98dc-e7b107010ba2','1','88cdc7e2-4958-401c-86e6-427427bd8027'),('cf471a6e-e21f-4826-8883-7db1e4fda184','1','7c0c19b1-391f-4cc6-8742-eaca4bb3b083'),('d1504a2e-064a-46eb-9bbc-94e40e21a285','397fcc8d-b411-4b1a-b6d1-8dc2a699137f','a1984901-367b-488c-9788-77a3737e6da8'),('d7052fed-fcad-4cd6-a398-45a84d33a009','1','b305f498-d142-4251-9ba5-2de8bdbef0e7'),('d7e2c18f-e915-41cb-ab5d-a21b8ddbdd01','d4ce88f9-d2f6-43e6-a76b-d5e507249513','6178e4b3-5856-4433-9569-9fa53f3a0148'),('db22007b-be8f-4024-9c19-f87cb673c21c','1','26e8ffea-9230-4450-a3d6-fbd284431177'),('e11ddd8b-a3f4-4f3f-ba2e-d8ba54b003e1','1','9c735ae8-9ea3-4a2e-957b-13d7a48cc0a3'),('e26e4a62-08b4-4934-8efa-0dd44f9cd148','1','5f2014d2-caa6-4d5e-a641-e6febf9c508b'),('e37f2547-4469-4a30-9f2e-d425d1ac163a','9a9c92c5-5e6e-40c2-b451-d9e83858e045','d7c93579-00d9-46de-9c69-9e56ca252295'),('e9a85b4b-e891-4f96-b821-9d65b361fe3b','4eed2485-f730-4a03-be5e-e2e2a2d93c18','5841ed7c-5820-4915-afda-15b409eb0192'),('e9dac7df-8a83-4367-99fc-9ab6ecfaade1','2c55e56e-0651-4447-aa0e-07c03e781ba0','5b3f5334-8fbd-4e93-8b7a-3d1eeace385d'),('ea162cea-cf30-4041-b464-f0c21b824d87','9a9c92c5-5e6e-40c2-b451-d9e83858e045','5841ed7c-5820-4915-afda-15b409eb0192'),('ec0159b9-fd37-4790-9ca7-b6400b860db6','7aac09de-f5aa-4f1d-b96d-d867936957ce','0d43f778-0e64-4879-adb4-867577ab5165'),('ec0ab06d-8863-4772-92cd-fd7c2188b442','1','fd53a376-b0a4-40aa-92e5-17744ecdebfd'),('effa9e3b-e1d7-4c4c-8b1a-a27110c8a036','0ca45d70-2eee-41f1-a823-ca2fbb151cd9','fd53a376-b0a4-40aa-92e5-17744ecdebfd'),('f798d4af-5f05-4db9-9bf5-d15cb6a8d501','1','07b5451f-2846-4a9f-bb6c-268b687b0c5f'),('fa305108-1df0-4a67-9e88-0f39f66a2ee8','98dd21d2-e44b-4431-83d1-915ff86959f4','07b5451f-2846-4a9f-bb6c-268b687b0c5f'),('fdc3e8b1-4b13-4ce1-8860-d733cc281ab8','1','9dee8736-c083-494a-8a95-164da7c87a29');

/*Table structure for table `erp_sctockmp` */

DROP TABLE IF EXISTS `erp_sctockmp`;

CREATE TABLE `erp_sctockmp` (
  `SALE_ID` varchar(300) DEFAULT NULL,
  `STAFF_ID` varchar(300) DEFAULT NULL,
  `ANNEX_ID` varchar(300) DEFAULT NULL,
  `MEMBER_ID` varchar(300) DEFAULT NULL,
  `SALE_NUM` double DEFAULT NULL,
  `SALE_DATE` datetime DEFAULT NULL,
  `SALE_MONEY` decimal(12,0) DEFAULT NULL,
  `SALE_DISCOUNT` decimal(5,0) DEFAULT NULL,
  `SALE_MONEY1` decimal(12,0) DEFAULT NULL,
  `SALE_MONEY2` decimal(12,0) DEFAULT NULL,
  `SALE_MONEY3` decimal(12,0) DEFAULT NULL,
  `SALE_if_wholesale` double DEFAULT NULL,
  `SALE_wholesale_state` double DEFAULT NULL,
  `CREATER` varchar(300) DEFAULT NULL,
  `CREATETIME` datetime DEFAULT NULL,
  `REMARK` varchar(300) DEFAULT NULL
) ENGINE=InnoDB DEFAULT CHARSET=utf8;

/*Data for the table `erp_sctockmp` */

insert  into `erp_sctockmp`(`SALE_ID`,`STAFF_ID`,`ANNEX_ID`,`MEMBER_ID`,`SALE_NUM`,`SALE_DATE`,`SALE_MONEY`,`SALE_DISCOUNT`,`SALE_MONEY1`,`SALE_MONEY2`,`SALE_MONEY3`,`SALE_if_wholesale`,`SALE_wholesale_state`,`CREATER`,`CREATETIME`,`REMARK`) values ('0f9c255f-b920-441e-ba18-cbfd0dce4f4f','50410892-ce1f-4605-a753-e223ac76e61f','6eb8d4db-20d7-48b2-a2de-002992b51ade','',2,'2017-12-05 13:42:27','72','1','72','80','8',1,0,'50410892-ce1f-4605-a753-e223ac76e61f','2017-12-05 13:42:27',''),('29ccb45c-767a-4e54-82fa-968b2e9a90ad','50410892-ce1f-4605-a753-e223ac76e61f','6eb8d4db-20d7-48b2-a2de-002992b51ade','',1,'2017-11-24 15:35:23','58','1','58','60','2',0,NULL,'50410892-ce1f-4605-a753-e223ac76e61f','2017-11-24 15:35:23',''),('501053fd-e625-4712-b3c2-6cc388ac46db','f284ff78-be80-4e51-97ad-0de640512af8','6eb8d4db-20d7-48b2-a2de-002992b51ade','',21,'2017-12-05 13:38:48','756','1','756','800','44',1,1,'f284ff78-be80-4e51-97ad-0de640512af8','2017-12-05 13:38:48',''),('6c4cb83a-4821-4764-80df-ea2dbb089d8d','50410892-ce1f-4605-a753-e223ac76e61f','6eb8d4db-20d7-48b2-a2de-002992b51ade','',1,'2017-12-04 13:29:50','36','1','36',NULL,'0',1,2,'50410892-ce1f-4605-a753-e223ac76e61f','2017-12-04 13:29:50',''),('7cfad865-2fb3-4bfa-a5b8-1332b2933ec9','50410892-ce1f-4605-a753-e223ac76e61f','6eb8d4db-20d7-48b2-a2de-002992b51ade','',1,'2017-11-24 15:55:51','58','1','58','60','2',0,NULL,'50410892-ce1f-4605-a753-e223ac76e61f','2017-11-24 15:55:51',''),('ed1e2305-d681-4315-b35d-a10b3f726d6f','50410892-ce1f-4605-a753-e223ac76e61f','2a503a5a-6a7e-4206-91e4-052f0c42f568','123',9,'2017-11-30 15:29:22','522','8','418','500','82',0,NULL,'50410892-ce1f-4605-a753-e223ac76e61f','2017-11-30 15:29:22',''),('f6b31410-aae7-443e-8584-7972b38843af','50410892-ce1f-4605-a753-e223ac76e61f','d36cf6aa-f6ef-4e64-a12e-9dc2e91310f6','123',13,'2017-11-30 13:48:59','754','8','603','610','7',0,NULL,'50410892-ce1f-4605-a753-e223ac76e61f','2017-11-30 13:48:59',''),('6d33e2e8-21b4-4fc9-9c09-70daff344956','50410892-ce1f-4605-a753-e223ac76e61f','d36cf6aa-f6ef-4e64-a12e-9dc2e91310f6','',9,'2017-12-14 11:38:44','405','1','405','500','95',0,NULL,'50410892-ce1f-4605-a753-e223ac76e61f','2017-12-14 11:38:44',''),('f2297aea-ae8f-44c0-9460-6932170cefa4','50410892-ce1f-4605-a753-e223ac76e61f','d36cf6aa-f6ef-4e64-a12e-9dc2e91310f6','',12,'2017-12-14 11:39:27','480','1','480','500','20',1,4,'50410892-ce1f-4605-a753-e223ac76e61f','2017-12-14 11:39:27',''),('3da5f8c4-bd0d-49b2-89b0-2a9f1391f6ba','50410892-ce1f-4605-a753-e223ac76e61f','d36cf6aa-f6ef-4e64-a12e-9dc2e91310f6','',12,'2017-12-14 14:37:19','480','1','480','500','20',1,4,'50410892-ce1f-4605-a753-e223ac76e61f','2017-12-14 14:37:19',''),('320a5c4d-758a-4c62-a024-1b35d034e341','d3afb3ca-c92f-468e-a41d-277ddb219e6a','d36cf6aa-f6ef-4e64-a12e-9dc2e91310f6','',1,'2017-12-15 15:01:21','45','1','45','50','5',0,NULL,'d3afb3ca-c92f-468e-a41d-277ddb219e6a','2017-12-15 15:01:21',''),('04aba86b-1a47-46a7-8918-39aa044a0b26','d3afb3ca-c92f-468e-a41d-277ddb219e6a','d36cf6aa-f6ef-4e64-a12e-9dc2e91310f6','14786684620',1,'2017-12-15 15:08:23','45','8','36','40','4',0,NULL,'d3afb3ca-c92f-468e-a41d-277ddb219e6a','2017-12-15 15:08:23',''),('190cdaad-50f8-480a-b58b-9e2760d4c3e4','d3afb3ca-c92f-468e-a41d-277ddb219e6a','d36cf6aa-f6ef-4e64-a12e-9dc2e91310f6','14786684620',1,'2017-12-15 15:10:15','40','1','40','40','0',1,4,'d3afb3ca-c92f-468e-a41d-277ddb219e6a','2017-12-15 15:10:15',''),('bdcb0d34-abdf-4bd5-85cd-27618324c9e7','d3afb3ca-c92f-468e-a41d-277ddb219e6a','d36cf6aa-f6ef-4e64-a12e-9dc2e91310f6','14786684620',3,'2017-12-15 18:49:10','135','8','108','110','2',0,NULL,'d3afb3ca-c92f-468e-a41d-277ddb219e6a','2017-12-15 18:49:10',''),('317437a1-f029-4484-9b7f-7f4995f5175a','d3afb3ca-c92f-468e-a41d-277ddb219e6a','d36cf6aa-f6ef-4e64-a12e-9dc2e91310f6','14786684620',4,'2017-12-15 18:51:22','160','1','160','160','0',1,4,'d3afb3ca-c92f-468e-a41d-277ddb219e6a','2017-12-15 18:51:22',''),('bb8ef9ea-c9ad-4b01-b363-ee1ee6382fbf','d3afb3ca-c92f-468e-a41d-277ddb219e6a','d36cf6aa-f6ef-4e64-a12e-9dc2e91310f6','14786684620',10,'2017-12-16 09:07:10','450','8','360','360','0',0,NULL,'d3afb3ca-c92f-468e-a41d-277ddb219e6a','2017-12-16 09:07:10',''),('5995c393-372d-40cf-957c-a698365c6650','d3afb3ca-c92f-468e-a41d-277ddb219e6a','d36cf6aa-f6ef-4e64-a12e-9dc2e91310f6','14786684620',20,'2017-12-16 09:08:18','800','1','800','900','100',1,4,'d3afb3ca-c92f-468e-a41d-277ddb219e6a','2017-12-16 09:08:18','');

/*Table structure for table `erp_sctockmp_detail` */

DROP TABLE IF EXISTS `erp_sctockmp_detail`;

CREATE TABLE `erp_sctockmp_detail` (
  `KMP_ID` varchar(100) NOT NULL,
  `SALE_ID` varchar(100) DEFAULT NULL,
  `KIN_ID` varchar(100) DEFAULT NULL,
  `KMP_NUM` int(11) DEFAULT NULL,
  `KMP_PRICE` decimal(15,2) DEFAULT NULL,
  `REMAKE` varchar(100) DEFAULT NULL,
  `ISVA` varchar(300) DEFAULT NULL,
  PRIMARY KEY (`KMP_ID`)
) ENGINE=InnoDB DEFAULT CHARSET=utf8;

/*Data for the table `erp_sctockmp_detail` */

insert  into `erp_sctockmp_detail`(`KMP_ID`,`SALE_ID`,`KIN_ID`,`KMP_NUM`,`KMP_PRICE`,`REMAKE`,`ISVA`) values ('2a87a9ca-2d55-42aa-878e-67e8942f5a3b','bdcb0d34-abdf-4bd5-85cd-27618324c9e7','e16ff99a-e079-11e7-ba74-51330ca20948',3,'135.00','嗯','1'),('377c7f23-e3ff-4df7-8790-f6c1bb3d90cb','ed1e2305-d681-4315-b35d-a10b3f726d6f','3f991525-caad-11e7-9e68-94e3b7ea6e68',9,'522.00',NULL,'1'),('3a44d072-064c-48e4-a4fd-70ff0f961a31','3da5f8c4-bd0d-49b2-89b0-2a9f1391f6ba','e16ff99a-e079-11e7-ba74-51330ca20948',12,'480.00',NULL,'0'),('506449af-c5f3-4472-9d68-cf32fc7adcca','501053fd-e625-4712-b3c2-6cc388ac46db','3f991525-caad-11e7-9e68-94e3b7ea6e68',21,'756.00',NULL,'1'),('57f33f83-2c02-4a44-8603-16db3d651878','6d33e2e8-21b4-4fc9-9c09-70daff344956','e16ff99a-e079-11e7-ba74-51330ca20948',9,'405.00',NULL,'1'),('68696db0-0ab2-4620-ad82-9b436e7b27a2','320a5c4d-758a-4c62-a024-1b35d034e341','e16ff99a-e079-11e7-ba74-51330ca20948',1,'45.00',NULL,'1'),('69346ae4-2105-4d74-96f3-2922b3b13b25','bb8ef9ea-c9ad-4b01-b363-ee1ee6382fbf','e16ff99a-e079-11e7-ba74-51330ca20948',10,'450.00','嗯','1'),('6ccb8f56-bacf-4940-aed6-38afb4f16110','7cfad865-2fb3-4bfa-a5b8-1332b2933ec9','3f991525-caad-11e7-9e68-94e3b7ea6e68',1,'58.00',NULL,'1'),('88fa4d6a-7c79-4df6-98c9-ffddf9c7fe9c','501053fd-e625-4712-b3c2-6cc388ac46db','3f991525-caad-11e7-9e68-94e3b7ea6e68',1,'36.00',NULL,'0'),('8a839bfd-3bbd-46a1-aa49-9cd23fb94454','3da5f8c4-bd0d-49b2-89b0-2a9f1391f6ba','7c2d4fa5-ca69-11e7-9e68-94e3b7ea6e68',100,'100.00',NULL,'0'),('918a0745-9575-44fe-87a4-849116764f35','6c4cb83a-4821-4764-80df-ea2dbb089d8d','3f991525-caad-11e7-9e68-94e3b7ea6e68',1,'36.00',NULL,'1'),('abf95f5f-8858-4cb1-ba0b-4787dcac3f7b','0f9c255f-b920-441e-ba18-cbfd0dce4f4f','3f991525-caad-11e7-9e68-94e3b7ea6e68',1,'36.00',NULL,'0'),('b3e1d911-abd0-45df-a755-0c9c414d469d','0f9c255f-b920-441e-ba18-cbfd0dce4f4f','3f991525-caad-11e7-9e68-94e3b7ea6e68',2,'72.00',NULL,'1'),('bd411782-abb6-4c90-8654-a62ebdcf8019','190cdaad-50f8-480a-b58b-9e2760d4c3e4','e16ff99a-e079-11e7-ba74-51330ca20948',1,'40.00',NULL,'1'),('be29851f-f487-432e-93ec-650101804ef2','04aba86b-1a47-46a7-8918-39aa044a0b26','e16ff99a-e079-11e7-ba74-51330ca20948',1,'45.00',NULL,'1'),('be639cf4-e41e-4e26-8ab7-31da8e2e0fb5','5995c393-372d-40cf-957c-a698365c6650','e16ff99a-e079-11e7-ba74-51330ca20948',20,'800.00','嗯','1'),('c72bcd4f-57d9-4338-938d-1e20329309c5','29ccb45c-767a-4e54-82fa-968b2e9a90ad','3f991525-caad-11e7-9e68-94e3b7ea6e68',1,'58.00',NULL,'1'),('c950bcb1-e4e3-4925-b970-a7dbe272b4a6','317437a1-f029-4484-9b7f-7f4995f5175a','e16ff99a-e079-11e7-ba74-51330ca20948',4,'160.00','嗯','1'),('cdf3847f-0f7b-4bce-8ed0-f48c44f84d12','3da5f8c4-bd0d-49b2-89b0-2a9f1391f6ba','e16ff99a-e079-11e7-ba74-51330ca20948',12,'480.00',NULL,'1'),('d0954f04-1b9f-42ff-9349-8c3023d61c7c','f2297aea-ae8f-44c0-9460-6932170cefa4','e16ff99a-e079-11e7-ba74-51330ca20948',12,'480.00',NULL,'1'),('fd19589b-81e8-49ed-9fea-f2ebc25f0ec8','f6b31410-aae7-443e-8584-7972b38843af','3f991525-caad-11e7-9e68-94e3b7ea6e68',13,'754.00',NULL,'1');

/*Table structure for table `erp_staff` */

DROP TABLE IF EXISTS `erp_staff`;

CREATE TABLE `erp_staff` (
  `sta_id` varchar(100) NOT NULL,
  `depa_id` varchar(100) DEFAULT NULL,
  `ANNEX_ID` varchar(100) DEFAULT NULL,
  `sta_serial` varchar(100) DEFAULT NULL,
  `sta_name` varchar(20) DEFAULT NULL,
  `sta_email` varchar(30) DEFAULT NULL,
  `sta_pwd` varchar(20) DEFAULT NULL,
  `sta_age` decimal(2,0) DEFAULT NULL,
  `sta_sex` varchar(2) DEFAULT NULL,
  `sta_entryTime` varchar(20) DEFAULT NULL,
  `sta_dimissionTime` varchar(20) DEFAULT NULL,
  `sta_img` varchar(100) DEFAULT NULL,
  `sta_backgd` varchar(100) DEFAULT NULL,
  `ISVA` int(11) DEFAULT NULL,
  `createTime` varchar(40) DEFAULT NULL,
  `creater` varchar(100) DEFAULT NULL,
  `remark` varchar(100) DEFAULT NULL,
  PRIMARY KEY (`sta_id`)
) ENGINE=InnoDB DEFAULT CHARSET=utf8;

/*Data for the table `erp_staff` */

insert  into `erp_staff`(`sta_id`,`depa_id`,`ANNEX_ID`,`sta_serial`,`sta_name`,`sta_email`,`sta_pwd`,`sta_age`,`sta_sex`,`sta_entryTime`,`sta_dimissionTime`,`sta_img`,`sta_backgd`,`ISVA`,`createTime`,`creater`,`remark`) values ('07ee2fab-3e42-4dae-96b3-04706c5ef9e0','0fcfa9dac5de11e7b69ed5038bb0d30f','d36cf6aa-f6ef-4e64-a12e-9dc2e91310f6',NULL,'刘偶','fdpf','123','19','男','2017-12-14','','/upload/61823778-38c1-4409-b032-691f568fee6b.jpg',NULL,1,NULL,NULL,NULL),('29191ac6-baf4-4fae-8e7b-af50a47aea1d','0fcfa9dac5de11e7b69ed5038bb0d30f','d36cf6aa-f6ef-4e64-a12e-9dc2e91310f6',NULL,'刘东','fdcg','123','19','男','2017-12-14','2017-12-14','/upload/5d4bc796-49cc-48df-b47a-30179c8b0659.jpg',NULL,1,NULL,NULL,NULL),('338e6179-a848-42cf-9d5a-4b683612b665','0fcfa9dac5de11e7b69ed5038bb0d30f','d36cf6aa-f6ef-4e64-a12e-9dc2e91310f6',NULL,'肖福','fdjl','123','20','男','2017-12-14','','/upload/d6ded24b-f474-4222-a6b2-faa6b81e0c2a.jpg',NULL,1,NULL,NULL,NULL),('3667fd3f-bad6-4f0f-b224-7ea5ec9e2f1b','0fcfa9dac5de11e7b69ed5038bb0d30f','d36cf6aa-f6ef-4e64-a12e-9dc2e91310f6',NULL,'张集','fdck','123','19','男','2017-12-14','',NULL,NULL,1,NULL,NULL,NULL),('39a34416-e16a-40ec-bd12-b3fa68028b20','0fcfa9dac5de11e7b69ed5038bb0d30f','d36cf6aa-f6ef-4e64-a12e-9dc2e91310f6',NULL,'唐素芳','zdcgjl','123','19','男','2017-12-14','','/upload/f42041d4-218f-4546-af1d-8927a648121a.jpg',NULL,1,NULL,NULL,NULL),('50410892-ce1f-4605-a753-e223ac76e61f','0fcfa9dac5de11e7b69ed5038bb0d30f','d36cf6aa-f6ef-4e64-a12e-9dc2e91310f6','','杨永信','admin','123',NULL,'男','','','/upload/6df0428c-5230-4fd2-8a6e-6aa10a02b0d2.jpg',NULL,1,NULL,NULL,NULL),('59293460-757f-4e01-b8ed-22333e1721f7','0fcfa9dac5de11e7b69ed5038bb0d30f','d36cf6aa-f6ef-4e64-a12e-9dc2e91310f6',NULL,'王晓东','ypgl','123','21','男','2017-12-14','',NULL,NULL,1,NULL,NULL,NULL),('67d558a0-b134-4986-ae4b-483fa4d76a5e','0fcfa9dac5de11e7b69ed5038bb0d30f','d36cf6aa-f6ef-4e64-a12e-9dc2e91310f6',NULL,'杨建明','zdcg','123','21','男','2017-12-14','','/upload/99c43392-7cad-4464-af10-29de7bab416e.jpg',NULL,1,NULL,NULL,NULL),('717b1f7f-b270-4d88-85e4-8a5f214c5a4d','0fcfa9dac5de11e7b69ed5038bb0d30f','d36cf6aa-f6ef-4e64-a12e-9dc2e91310f6',NULL,'肖丽','zdck','123','19','男','2017-12-14','','/upload/0bc4b530-018c-44d3-b49c-79e5668af4b2.png',NULL,1,NULL,NULL,NULL),('b70ad3a9-d9eb-4a17-9c16-00a43e058c3a','0fcfa9dac5de11e7b69ed5038bb0d30f','d36cf6aa-f6ef-4e64-a12e-9dc2e91310f6',NULL,'张凯','fdcw','123','19','男','2017-12-14','',NULL,NULL,1,NULL,NULL,NULL),('c831dc49-1b25-4e94-b306-d3f224285efd','0fcfa9dac5de11e7b69ed5038bb0d30f','d36cf6aa-f6ef-4e64-a12e-9dc2e91310f6',NULL,'周梅','zj','123','21','男','2017-12-14','','/upload/ebf434fb-27fc-43b3-9ed3-d3e10bb62f5d.png',NULL,1,NULL,NULL,NULL),('c84d5119-e054-4a20-a228-8967189a8344','0fcfa9dac5de11e7b69ed5038bb0d30f','d36cf6aa-f6ef-4e64-a12e-9dc2e91310f6',NULL,'刘建军','zdjl','123','19','男','2017-12-14','','/upload/b47bcfa4-bb79-4357-9527-50024c475672.png',NULL,1,NULL,NULL,NULL),('d3afb3ca-c92f-468e-a41d-277ddb219e6a','0fcfa9dac5de11e7b69ed5038bb0d30f','d36cf6aa-f6ef-4e64-a12e-9dc2e91310f6',NULL,'胡慧','fdxs','123','19','男','2017-12-14','','/upload/66801c83-2ba8-41f2-a757-191048200361.jpg',NULL,1,NULL,NULL,NULL),('d89f2856-6d4f-45e8-888d-126d9772b7e1','0fcfa9dac5de11e7b69ed5038bb0d30f','d36cf6aa-f6ef-4e64-a12e-9dc2e91310f6',NULL,'蒋空','zdcw','123','21','男','2017-12-14','','/upload/1e9cf56d-9d5d-4b8e-91ee-6acc600db6f2.jpg',NULL,1,NULL,NULL,NULL),('de3fef83-5950-484c-a579-9ddb4d8cc66f','0fcfa9dac5de11e7b69ed5038bb0d30f','d36cf6aa-f6ef-4e64-a12e-9dc2e91310f6',NULL,'张分','zdsc','123','18','男','2017-12-14','2017-12-14','/upload/b80d3f11-3cf3-451f-a0f5-6e7392297245.jpg',NULL,1,NULL,NULL,NULL);

/*Table structure for table `erp_sumstock` */

DROP TABLE IF EXISTS `erp_sumstock`;

CREATE TABLE `erp_sumstock` (
  `STOCK_ID` varchar(100) NOT NULL,
  `ANNEX_ID` varchar(100) DEFAULT NULL,
  `STOCK_SREIAL` varchar(100) DEFAULT NULL,
  `KIN_ID` varchar(100) DEFAULT NULL,
  `sta_id` varchar(100) DEFAULT NULL,
  `STOCK_SUOUNT` int(11) DEFAULT NULL,
  `CREATETIME` varchar(40) DEFAULT NULL,
  `CREATER` varchar(100) DEFAULT NULL,
  `REMARK` varchar(1000) DEFAULT NULL,
  `ISVA` int(11) DEFAULT NULL,
  PRIMARY KEY (`STOCK_ID`)
) ENGINE=InnoDB DEFAULT CHARSET=utf8;

/*Data for the table `erp_sumstock` */

insert  into `erp_sumstock`(`STOCK_ID`,`ANNEX_ID`,`STOCK_SREIAL`,`KIN_ID`,`sta_id`,`STOCK_SUOUNT`,`CREATETIME`,`CREATER`,`REMARK`,`ISVA`) values ('1','6eb8d4db-20d7-48b2-a2de-002992b51ade','1','3f991525-caad-11e7-9e68-94e3b7ea6e68',NULL,1000,NULL,NULL,NULL,1),('2','6eb8d4db-20d7-48b2-a2de-002992b51ade','2','7c2d4fa5-ca69-11e7-9e68-94e3b7ea6e68',NULL,1000,NULL,NULL,NULL,1),('4355756rthfgh','d36cf6aa-f6ef-4e64-a12e-9dc2e91310f6','FCK-2017-12-14-003','6edd9117-e18b-11e7-aa3a-101e67a91c8d',NULL,0,NULL,NULL,NULL,1),('9a13b7f7-e07b-11e7-ba74-51330ca20948','d36cf6aa-f6ef-4e64-a12e-9dc2e91310f6','FCK-2017-12-14-001','e16ff99a-e079-11e7-ba74-51330ca20948',NULL,980,'2017-12-14 11:05:18','50410892-ce1f-4605-a753-e223ac76e61f',NULL,1),('9e444785-e07b-11e7-ba74-51330ca20948','d36cf6aa-f6ef-4e64-a12e-9dc2e91310f6','FCK-2017-12-14-002','7c2d4fa5-ca69-11e7-9e68-94e3b7ea6e68',NULL,1020,'2017-12-14 11:05:25','50410892-ce1f-4605-a753-e223ac76e61f',NULL,1);

/*Table structure for table `erp_warehouse` */

DROP TABLE IF EXISTS `erp_warehouse`;

CREATE TABLE `erp_warehouse` (
  `WARE_ID` varchar(100) NOT NULL,
  `KIN_ID` varchar(100) DEFAULT NULL,
  `RAW_ID` varchar(100) DEFAULT NULL,
  `WARE_NUM` int(11) DEFAULT NULL,
  `CREATETIME` varchar(20) DEFAULT NULL,
  `ISVA` int(11) DEFAULT NULL,
  `CREATER` varchar(100) DEFAULT NULL,
  `REMARK` varchar(300) DEFAULT NULL,
  PRIMARY KEY (`WARE_ID`)
) ENGINE=InnoDB DEFAULT CHARSET=utf8;

/*Data for the table `erp_warehouse` */

insert  into `erp_warehouse`(`WARE_ID`,`KIN_ID`,`RAW_ID`,`WARE_NUM`,`CREATETIME`,`ISVA`,`CREATER`,`REMARK`) values ('04bd2ab4-8e0a-410b-ab18-3640223fdfca',NULL,NULL,0,'2017-12-13 19:20:17',1,'50410892-ce1f-4605-a753-e223ac76e61f',NULL),('10000','1','',0,'创建时间',1,'创建人','备注'),('10001','','adf1aa1a-0734-4601-8a47-87c65b73500a',0,NULL,1,NULL,NULL),('10002','2',NULL,0,NULL,1,NULL,NULL),('10003','3',NULL,0,NULL,1,NULL,NULL),('1a6e75f7-7abc-43d9-aa34-9f97adb4dbda',NULL,'99bd3a8d-23b3-4142-a854-7a3c003f5d61',0,'2017-12-14 09:50:45',1,'50410892-ce1f-4605-a753-e223ac76e61f',NULL),('4100d004-7330-43e8-946f-b55816a1b8f4',NULL,'5cae76b4-7e6e-4144-9641-8b5ccf61dd1a',867,'2017-12-13 19:50:04',1,'50410892-ce1f-4605-a753-e223ac76e61f',NULL),('519b3cf3-16fd-42b1-9d6a-82a7d74a3f07','e16ff99a-e079-11e7-ba74-51330ca20948',NULL,100,'2017-12-14 11:02:25',1,'50410892-ce1f-4605-a753-e223ac76e61f',NULL),('655678a5-a28d-42a9-96bc-0a03b45fbcf4',NULL,'cd0a117a-a067-4b79-a0c7-d494b3cd4e6c',677,'2017-12-13 19:49:59',1,'50410892-ce1f-4605-a753-e223ac76e61f',NULL),('6e25b812-74c2-4b47-a592-62aa2794a7a3','7c2d4fa5-ca69-11e7-9e68-94e3b7ea6e68',NULL,91,'2017-12-14 09:51:13',1,'50410892-ce1f-4605-a753-e223ac76e61f',NULL),('ab286e08-8bda-409d-82fe-5704c572f92f','9bb17104-ca69-11e7-9e68-94e3b7ea6e68',NULL,1,'2017-12-15 10:44:16',1,'717b1f7f-b270-4d88-85e4-8a5f214c5a4d',NULL);

/*!40101 SET SQL_MODE=@OLD_SQL_MODE */;
/*!40014 SET FOREIGN_KEY_CHECKS=@OLD_FOREIGN_KEY_CHECKS */;
/*!40014 SET UNIQUE_CHECKS=@OLD_UNIQUE_CHECKS */;
/*!40111 SET SQL_NOTES=@OLD_SQL_NOTES */;
